title,link,date,source,country,language,translated_title,number_of_characters_title,number_of_words_title,day_of_week,month,year,quarter,is_weekend,is_holiday,source_type,final_redirected_URL,domain_of_URL,subdomain_of_URL,URL_depth,top_level_domain,url_length,author,compound,vader_sentiment,summary
"Generative AI slashes cloud migration hassles, says McKinsey partner - The Register",https://news.google.com/rss/articles/CBMiRWh0dHBzOi8vd3d3LnRoZXJlZ2lzdGVyLmNvbS8yMDIzLzEwLzExL2dlbmVyYXRpdmVfYWlfY2xvdWRfbWlncmF0aW9uL9IBSWh0dHBzOi8vd3d3LnRoZXJlZ2lzdGVyLmNvbS9BTVAvMjAyMy8xMC8xMS9nZW5lcmF0aXZlX2FpX2Nsb3VkX21pZ3JhdGlvbi8?oc=5,2023-10-11,The Register,US,en,generative ai slashes cloud migration hassles says mckinsey partner  the register,72,12,Wednesday,10,2023,4,False,False,News Outlet,https://www.theregister.com/2023/10/11/generative_ai_cloud_migration/,www.theregister.com,www,5,com,69,['Laura Dobberstein'],-0.2023,negative,0
Local AI taken offline after China mix-up - 台北時報,https://news.google.com/rss/articles/CBMiRmh0dHBzOi8vd3d3LnRhaXBlaXRpbWVzLmNvbS9OZXdzL3RhaXdhbi9hcmNoaXZlcy8yMDIzLzEwLzExLzIwMDM4MDc1MjfSAQA?oc=5,2023-10-11,台北時報,US,en,local ai taken offline after china mixup  台北時報,40,9,Wednesday,10,2023,4,False,False,Other,https://www.taipeitimes.com/News/taiwan/archives/2023/10/11/2003807527,www.taipeitimes.com,www,7,com,70,[],-0.128,negative,"A trial version of the Chinese Knowledge and Information Processing (CKIP) Lab’s large language model was removed from its Web site after a test query of “When is National Day?” yielded the result Oct. 1. The goal of CKIP-LLaMa-2-7b is to enable greater traditional Chinese processing capability, Academia Sinica said."
"Leading voice in AI, who worries about its consequences, favors ... - NPR",https://news.google.com/rss/articles/CBMidWh0dHBzOi8vd3d3Lm5wci5vcmcvMjAyMy8xMC8xMS8xMjA1MDMzNTk3L2xlYWRpbmctdm9pY2UtaW4tYWktd2hvLXdvcnJpZXMtYWJvdXQtaXRzLWNvbnNlcXVlbmNlcy1mYXZvcnMtcmVndWxhdGluZy1pdNIBAA?oc=5,2023-10-11,NPR,US,en,leading voice in ai who worries about its consequences favors   npr,61,13,Wednesday,10,2023,4,False,False,Broadcast Media,https://www.npr.org/2023/10/11/1205033597/leading-voice-in-ai-who-worries-about-its-consequences-favors-regulating-it,www.npr.org,www,5,org,117,[],-0.2023,negative,Mustafa Suleyman co-founded the AI firm DeepMind. He says governments need to prevent anyone from using AI to destabilize the world. He likens the situation to that of nuclear nonproliferation. Suley man: AI is an amplifier of good power and bad power.
Is trying to watermark AI images a losing battle? - Emerging Tech Brew,https://news.google.com/rss/articles/CBMiR2h0dHBzOi8vd3d3LmVtZXJnaW5ndGVjaGJyZXcuY29tL3N0b3JpZXMvMjAyMy8xMC8xMS93YXRlcm1hcmstYWktaW1hZ2Vz0gEA?oc=5,2023-10-11,Emerging Tech Brew,US,en,is trying to watermark ai images a losing battle  emerging tech brew,58,13,Wednesday,10,2023,4,False,False,Blog,https://www.emergingtechbrew.com/stories/2023/10/11/watermark-ai-images,www.emergingtechbrew.com,www,5,com,71,[],-0.6369,negative,"Researchers at the University of Maryland tested how easy it was to fool various watermarking techniques. The team tested how the introduction of false positives could muddy the waters. “I don’t believe that by just looking at an image we will be able to tell if this is AI-generated or real,” co-author says."
Cover story: AI risks and hazards - HR Magazine,https://news.google.com/rss/articles/CBMiT2h0dHBzOi8vd3d3LmhybWFnYXppbmUuY28udWsvY29udGVudC9mZWF0dXJlcy9jb3Zlci1zdG9yeS1haS1yaXNrcy1hbmQtaGF6YXJkcy_SAQA?oc=5,2023-10-11,HR Magazine,US,en,cover story ai risks and hazards  hr magazine,39,9,Wednesday,10,2023,4,False,False,Magazine,https://www.hrmagazine.co.uk/content/features/cover-story-ai-risks-and-hazards/,www.hrmagazine.co.uk,www,4,uk,79,[],-0.2732,negative," AI looks set to be a game-changer for HR, but adoption is fraught with potential risks. HR’s to-do list is already much longer than the working day, so overseeing the implementation of AI may be a stretch too far, particularly in organisations with large employee bases."
Adobe teases new AI audio dubbing and interactive clothing tech - The Verge,https://news.google.com/rss/articles/CBMiYWh0dHBzOi8vd3d3LnRoZXZlcmdlLmNvbS8yMDIzLzEwLzExLzIzOTEyNjE0L2Fkb2JlLW1heC1zbmVha3MtZ2VuZXJhdGl2ZS1haS1hdWRpby0zZC10ZWNoLXByZXZpZXfSAQA?oc=5,2023-10-11,The Verge,US,en,adobe teases new ai audio dubbing and interactive clothing tech  the verge,63,13,Wednesday,10,2023,4,False,False,News Outlet,https://www.theverge.com/2023/10/11/23912614/adobe-max-sneaks-generative-ai-audio-3d-tech-preview,www.theverge.com,www,5,com,97,['Jess Weatherbed'],-0.296,negative,Adobe is showcasing 11 new AI-powered prototype tools and features at its annual Max conference. The company uses Sneaks to both showcase the future technologies it’s currently working on and gauge public interest that could direct how they’re developed going forward.
Fox News AI Newsletter: Tech billionaire says there is a ‘low probability’ humans will survive without AI - Fox News,https://news.google.com/rss/articles/CBMic2h0dHBzOi8vd3d3LmZveG5ld3MuY29tL3RlY2gvZm94LW5ld3MtYWktbmV3c2xldHRlci10ZWNoLWJpbGxpb25haXJlLXNheXMtbG93LXByb2JhYmlsaXR5LWh1bWFucy1zdXJ2aXZlLXdpdGhvdXQtYWnSAXdodHRwczovL3d3dy5mb3huZXdzLmNvbS90ZWNoL2ZveC1uZXdzLWFpLW5ld3NsZXR0ZXItdGVjaC1iaWxsaW9uYWlyZS1zYXlzLWxvdy1wcm9iYWJpbGl0eS1odW1hbnMtc3Vydml2ZS13aXRob3V0LWFpLmFtcA?oc=5,2023-10-11,Fox News,US,en,fox news ai newsletter tech billionaire says there is a low probability humans will survive without ai  fox news,97,20,Wednesday,10,2023,4,False,False,News Outlet,https://www.foxnews.com/tech/fox-news-ai-newsletter-tech-billionaire-says-low-probability-humans-survive-without-ai,www.foxnews.com,www,2,com,115,['Fox News Staff'],-0.2732,negative,"Radiologist Bhavik Patel, M.D. has been named chief AI officer at Mayo Clinic Arizona. Johnson spends millions every year in order to find a way to make his organs similar to that of an 18-year-old male. 'Godfather of AI' warns technology could takeover humanity."
IIIT-H working on AI-driven model to detect oral cancer from photos - Times of India,https://news.google.com/rss/articles/CBMikAFodHRwczovL3RpbWVzb2ZpbmRpYS5pbmRpYXRpbWVzLmNvbS9jaXR5L2h5ZGVyYWJhZC9paWl0LWgtd29ya2luZy1vbi1haS1kcml2ZW4tbW9kZWwtdG8tZGV0ZWN0LW9yYWwtY2FuY2VyLWZyb20tcGhvdG9zL2FydGljbGVzaG93LzEwNDMyODg4Mi5jbXPSAZQBaHR0cHM6Ly90aW1lc29maW5kaWEuaW5kaWF0aW1lcy5jb20vY2l0eS9oeWRlcmFiYWQvaWlpdC1oLXdvcmtpbmctb24tYWktZHJpdmVuLW1vZGVsLXRvLWRldGVjdC1vcmFsLWNhbmNlci1mcm9tLXBob3Rvcy9hbXBfYXJ0aWNsZXNob3cvMTA0MzI4ODgyLmNtcw?oc=5,2023-10-11,Times of India,US,en,iiith working on aidriven model to detect oral cancer from photos  times of india,70,15,Wednesday,10,2023,4,False,False,News Outlet,https://timesofindia.indiatimes.com/city/hyderabad/iiit-h-working-on-ai-driven-model-to-detect-oral-cancer-from-photos/articleshow/104328882.cms,timesofindia.indiatimes.com,timesofindia,5,com,144,['Tnn'],-0.6597,negative,Anant Ambani and Radhika Merchant's pre-wedding bash. James Anderson enters 700 Test wicket club. Virat Kohli joins Sunil Gavaskar in elite club. Nita Ambani Dhirubhai Ambani quotes on success.
Stupid Artificial Intelligence - hackernoon.com,https://news.google.com/rss/articles/CBMiNWh0dHBzOi8vaGFja2Vybm9vbi5jb20vc3R1cGlkLWFydGlmaWNpYWwtaW50ZWxsaWdlbmNl0gEA?oc=5,2023-10-11,hackernoon.com,US,en,stupid artificial intelligence  hackernooncom,43,5,Wednesday,10,2023,4,False,False,Other,https://hackernoon.com/stupid-artificial-intelligence,hackernoon.com,hackernoon,1,com,53,[],-0.0772,negative,summarize: Biomedical Engineer and amateur A.I. enthusiast. Passionate about writing and Football. Receive Stories from @yumnas on Facebook and Twitter. Back to Mail Online home. Back To the page you came from.
AI software shows significant improvement in skin cancer detection ... - EurekAlert,https://news.google.com/rss/articles/CBMiMGh0dHBzOi8vd3d3LmV1cmVrYWxlcnQub3JnL25ld3MtcmVsZWFzZXMvMTAwMzk2M9IBAA?oc=5,2023-10-11,EurekAlert,US,en,ai software shows significant improvement in skin cancer detection   eurekalert,72,12,Wednesday,10,2023,4,False,False,Other,https://www.eurekalert.org/news-releases/1003963,www.eurekalert.org,www,2,org,48,[],-0.1531,negative,"Artificial intelligence (AI) software has reached a 100% detection rate for melanoma. The study assessed 22,356 patients with suspected skin cancers over a 2.5-year period. The third version of the AI software marks a significant improvement from the first model, tested in 2021."
AI speeds up identification brain tumor type - Science Daily,https://news.google.com/rss/articles/CBMiPmh0dHBzOi8vd3d3LnNjaWVuY2VkYWlseS5jb20vcmVsZWFzZXMvMjAyMy8xMC8yMzEwMTExODIxMTEuaHRt0gEA?oc=5,2023-10-11,Science Daily,US,en,ai speeds up identification brain tumor type  science daily,51,10,Wednesday,10,2023,4,False,False,News Outlet,https://www.sciencedaily.com/releases/2023/10/231011182111.htm,www.sciencedaily.com,www,4,com,62,[],-0.3818,negative,0
New AI model can identify neuroanatomical regions vulnerable to ... - News-Medical.Net,https://news.google.com/rss/articles/CBMigwFodHRwczovL3d3dy5uZXdzLW1lZGljYWwubmV0L25ld3MvMjAyMzEwMTEvTmV3LUFJLW1vZGVsLWNhbi1pZGVudGlmeS1uZXVyb2FuYXRvbWljYWwtcmVnaW9ucy12dWxuZXJhYmxlLXRvLWFnZS1yZWxhdGVkLWNoYW5nZXMuYXNweNIBAA?oc=5,2023-10-11,News-Medical.Net,US,en,new ai model can identify neuroanatomical regions vulnerable to   newsmedicalnet,75,12,Wednesday,10,2023,4,False,False,News Outlet,https://www.news-medical.net/news/20231011/New-AI-model-can-identify-neuroanatomical-regions-vulnerable-to-age-related-changes.aspx,www.news-medical.net,www,3,net,131,[],-0.2263,negative,"Mount Sinai researchers say they have, for the first time ever, used AI to develop an algorithm they term ""HistoAge"" The algorithm predicts age at death based on the cellular composition of human brain tissue specimens with an average accuracy of within 5.45 years. The aging brain undergoes structural and cellular changes that can impact function."
OpenAI's 'unreasonable claims' exhaust AI-ethics researchers - Business Insider,https://news.google.com/rss/articles/CBMiXGh0dHBzOi8vd3d3LmJ1c2luZXNzaW5zaWRlci5jb20vb3BlbmFpLWV0aGljcy1yZXNlYXJjaGVycy11bnJlYXNvbmFibGUtY2xhaW1zLTIwMjMtYWktMTAwLTEw0gFgaHR0cHM6Ly93d3cuYnVzaW5lc3NpbnNpZGVyLmNvbS9vcGVuYWktZXRoaWNzLXJlc2VhcmNoZXJzLXVucmVhc29uYWJsZS1jbGFpbXMtMjAyMy1haS0xMDAtMTA_YW1w?oc=5,2023-10-11,Business Insider,US,en,openais unreasonable claims exhaust aiethics researchers  business insider,71,9,Wednesday,10,2023,4,False,False,News Outlet,https://www.businessinsider.com/openai-ethics-researchers-unreasonable-claims-2023-ai-100-10,www.businessinsider.com,www,1,com,92,['Monica Melton'],-0.296,negative,"Researchers are spending more time critiquing artificial-intelligence systems for their grandiose claims and unacknowledged harms. This takes time away from researchers being able to develop more-thoughtful technology. ""The space rewards unreasonable claims about what you can do,"" Ali Alkhatib said."
Missed Nvidia? 2 Promising AI Stocks to Buy Now - The Motley Fool,https://news.google.com/rss/articles/CBMiW2h0dHBzOi8vd3d3LmZvb2wuY29tL2ludmVzdGluZy8yMDIzLzEwLzExLzItcHJvbWlzaW5nLWFpLXN0b2Nrcy10by1idXktbm93LXRoYXQtY291bGQtc29hci_SAQA?oc=5,2023-10-11,The Motley Fool,US,en,missed nvidia  promising ai stocks to buy now  the motley fool,53,13,Wednesday,10,2023,4,False,False,Blog,https://www.fool.com/investing/2023/10/11/2-promising-ai-stocks-to-buy-now-that-could-soar/,www.fool.com,www,6,com,91,['Manali Bhade'],-0.34,negative,"Datadog (DDOG -1.29%) and SentinelOne (S 1.14%) are not only less expensive but also are at the forefront of the ongoing AI transformation. Datadog's revenue soared by 25% year-over-year to reach $509 million, while adjusted earnings per share (EPS) was up by 50%. SentinelOne has seen its shares rise 14% so far this year."
Frustrated with Your Insurance Company? AI Could Help. - Built In,https://news.google.com/rss/articles/CBMiRWh0dHBzOi8vYnVpbHRpbi5jb20vYXJ0aWZpY2lhbC1pbnRlbGxpZ2VuY2UvaW5zdXJhbmNlLWFpLWF1Z21lbnRhdGlvbtIBAA?oc=5,2023-10-11,Built In,US,en,frustrated with your insurance company ai could help  built in,55,11,Wednesday,10,2023,4,False,False,Other,https://builtin.com/artificial-intelligence/insurance-ai-augmentation,builtin.com,builtin,2,com,69,[],-0.1779,negative,"36 percent of those in business, legal, and professional services are already using AI regularly for work, personal reasons, or both. AI can help companies assess risk more efficiently and accurately, as well as potentially transform the insurance underwriting process from data mastery to fraudulent claims."
The New AI Panic - The Atlantic,https://news.google.com/rss/articles/CBMib2h0dHBzOi8vd3d3LnRoZWF0bGFudGljLmNvbS90ZWNobm9sb2d5L2FyY2hpdmUvMjAyMy8xMC90ZWNobm9sb2d5LWV4cG9ydHMtYWktcHJvZ3JhbXMtcmVndWxhdGlvbnMtY2hpbmEvNjc1NjA1L9IBAA?oc=5,2023-10-11,The Atlantic,US,en,the new ai panic  the atlantic,25,7,Wednesday,10,2023,4,False,False,News Outlet,https://www.theatlantic.com/technology/archive/2023/10/technology-exports-ai-programs-regulations-china/675605/,www.theatlantic.com,www,7,com,111,"['Karen Hao', 'Damon Beres', 'Matteo Wong', 'Charlie Warzel', 'Nancy Walecki']",-0.5106,negative,"Washington and Beijing have been locked in a conflict over AI development. Now a new battle line is being drawn. Commerce is considering a new blockade on a broad category of general-purpose AI programs, not just physical parts. If enacted, the limits could generate more friction with China."
Hamas assault on Israel shows surprise still possible in AI era - The Express Tribune,https://news.google.com/rss/articles/CBMiZGh0dHBzOi8vdHJpYnVuZS5jb20ucGsvc3RvcnkvMjQ0MDMwOS9oYW1hcy1hc3NhdWx0LW9uLWlzcmFlbC1zaG93cy1zdXJwcmlzZS1zdGlsbC1wb3NzaWJsZS1pbi1haS1lcmHSAWpodHRwczovL3RyaWJ1bmUuY29tLnBrL3N0b3J5LzI0NDAzMDkvaGFtYXMtYXNzYXVsdC1vbi1pc3JhZWwtc2hvd3Mtc3VycHJpc2Utc3RpbGwtcG9zc2libGUtaW4tYWktZXJhP2FtcD0x?oc=5,2023-10-10,The Express Tribune,US,en,hamas assault on israel shows surprise still possible in ai era  the express tribune,71,15,Tuesday,10,2023,4,False,False,News Outlet,https://tribune.com.pk/story/2440309/hamas-assault-on-israel-shows-surprise-still-possible-in-ai-era,tribune.com.pk,tribune,3,pk,100,[],-0.4019,negative,"A week before Hamas' surprise attack on Israel, Israeli officials had boasted use of AI and high-tech on Gaza border. Israeli officials publicly spoke of using such technology in their last major war in Gaza in 2021. The failure of those systems to deliver advanced warning of Saturday's Hamas attack represents a failure of intelligence likely to be studied for years."
Why Artificial Intelligence (AI) Isn't a Fad for These 2 Stocks - The Motley Fool,https://news.google.com/rss/articles/CBMiT2h0dHBzOi8vd3d3LmZvb2wuY29tL2ludmVzdGluZy8yMDIzLzEwLzEwL3doeS1haS1pc250LWEtZmFkLWZvci10aGVzZS0yLXN0b2Nrcy_SAQA?oc=5,2023-10-10,The Motley Fool,US,en,why artificial intelligence ai isnt a fad for these  stocks  the motley fool,67,15,Tuesday,10,2023,4,False,False,Blog,https://www.fool.com/investing/2023/10/10/why-ai-isnt-a-fad-for-these-2-stocks/,www.fool.com,www,6,com,79,['Bradley Guichard'],-0.1195,negative,CrowdStrike and Nvidia both have AI deeply ingrained in their business. CrowdStrike's AI-powered Falcon platform separates itself from the pack. Nvidia's DGX platform provides the hardware and software needed to handle the massive workloads for AI workloads like ChatGPT.
How artificial intelligence is fabricating scandals on Swiss politicians - SWI swissinfo.ch in English,https://news.google.com/rss/articles/CBMid2h0dHBzOi8vd3d3LnN3aXNzaW5mby5jaC9lbmcvYnVzaW5lc3MvaG93LWFydGlmaWNpYWwtaW50ZWxsaWdlbmNlLWlzLWZhYnJpY2F0aW5nLXNjYW5kYWxzLW9uLXN3aXNzLXBvbGl0aWNpYW5zLzQ4ODcyNzg40gEA?oc=5,2023-10-10,SWI swissinfo.ch in English,US,en,how artificial intelligence is fabricating scandals on swiss politicians  swi swissinfoch in english,89,14,Tuesday,10,2023,4,False,False,Other,https://www.swissinfo.ch/eng/business/how-artificial-intelligence-is-fabricating-scandals-on-swiss-politicians/48872788,www.swissinfo.ch,www,4,ch,119,"['Valentin Tombez', 'Philéas Authier']",-0.0258,negative,"AlgorithmWatch and AI Forensics tested the reliability of Bing Chat on the Swiss federal election. Bing Chat has implicated several federal election candidates, and even political parties, in existing cases or created false scandals. Green party politician Balthasar Glättli was one of the victims."
Colbert Notes That Not Even AI Would Joke About the Violence in ... - TheWrap,https://news.google.com/rss/articles/CBMiWWh0dHBzOi8vd3d3LnRoZXdyYXAuY29tL3N0ZXBoZW4tY29sYmVydC10aGUtbGF0ZS1zaG93LWNoYXRncHQtaXNyYWVsLXBhbGVzdGluZS1jYnMtdmlkZW8v0gEA?oc=5,2023-10-10,TheWrap,US,en,colbert notes that not even ai would joke about the violence in   thewrap,63,15,Tuesday,10,2023,4,False,False,Other,https://www.thewrap.com/stephen-colbert-the-late-show-chatgpt-israel-palestine-cbs-video/,www.thewrap.com,www,2,com,89,"['Ross A. Lincoln', 'Haleigh Foutch', 'Stephanie Kaloi', 'Ross Joined Thewrap As A News Editor In', 'He Was Previously Associate Editor At Deadline', 'Before That Comics Editor At The Escapist', 'Features Editor At Game Front. As A Writer', 'In Addition To Thewrap His Bylines Can Be Found At Deadline', 'Box Office', 'The Los Angeles Times']",-0.4404,negative,"“The world is still in shock over the horrific surprise attack that Hamas launched this weekend against Israel,” Colbert said at the start of his monologue. “It is heartbreaking to see violence escalate and we hope and pray that someday peace is possible,’ he continued."
Vast majority of Canadians fearful of how artificial intelligence will ... - North Shore News,https://news.google.com/rss/articles/CBMigQFodHRwczovL3d3dy5uc25ld3MuY29tL2Vjb25vbXktbGF3LXBvbGl0aWNzL21vcmUtdGhhbi10aHJlZS1xdWFydGVycy1vZi1jYW5hZGlhbnMtd29ycnktYWktd2lsbC10YWtlLXRoZWlyLWpvYi1wb2xsLXNob3dzLTc2NTQyNzDSAQA?oc=5,2023-10-10,North Shore News,US,en,vast majority of canadians fearful of how artificial intelligence will   north shore news,79,15,Tuesday,10,2023,4,False,False,News Outlet,https://www.nsnews.com/economy-law-politics/more-than-three-quarters-of-canadians-worry-ai-will-take-their-job-poll-shows-7654270,www.nsnews.com,www,2,com,129,['Vithun Khamsong Moment Getty Images'],-0.0258,negative,"Research Co. and Glacier Media asked Canadians about AI. For two in five Canadians, AI represents an opportunity, while 46 per cent perceive it as a threat. Sizable proportions of Canadians are “very” or “moderately” concerned about three scenarios."
Meta's new AI dating coach doesn't want to chat about sex - indy100,https://news.google.com/rss/articles/CBMiN2h0dHBzOi8vd3d3LmluZHkxMDAuY29tL3NjaWVuY2UtdGVjaC9tZXRhLWFpLWRhdGluZy1zZXjSAQA?oc=5,2023-10-10,indy100,US,en,metas new ai dating coach doesnt want to chat about sex  indy,55,13,Tuesday,10,2023,4,False,False,Other,https://www.indy100.com/science-tech/meta-ai-dating-sex,www.indy100.com,www,2,com,55,['Alex Daniel'],-0.0572,negative,"The chatbot, called ‘Carter’, is one of a handful of AI applications Meta released onto its Messenger and Instagram platforms last week. The AI “practical dating coach” tends to avoid answering questions it thinks are too sexually explicit, and sometimes even passes judgement on the person asking them."
Is AI a retail game-changer or just a card trick? - BusinessCloud,https://news.google.com/rss/articles/CBMiUmh0dHBzOi8vYnVzaW5lc3NjbG91ZC5jby51ay9uZXdzL2lzLWFpLWEtcmV0YWlsLWdhbWUtY2hhbmdlci1vci1qdXN0LWEtY2FyZC10cmljay_SAQA?oc=5,2023-10-10,BusinessCloud,US,en,is ai a retail gamechanger or just a card trick  businesscloud,54,12,Tuesday,10,2023,4,False,False,News Outlet,https://businesscloud.co.uk/news/is-ai-a-retail-game-changer-or-just-a-card-trick/,businesscloud.co.uk,businesscloud,3,uk,82,['Jonathan Symcox'],-0.0516,negative,"Retailers are grasping on to AI enthusiastically, but must do so in a cohesive way. There’s an inherent conflict between AI and human merchandisers, says André Brown, CEO of Advanced Commerce. “AI does not solve strategy issues. You have to start with the right strategy and then use the data correctly to help you optimise that,” says Dropit COO Stuart Ford."
1 Warren Buffett AI Stock Is Down 31% -- Is It Time to Buy? - The Motley Fool,https://news.google.com/rss/articles/CBMiXWh0dHBzOi8vd3d3LmZvb2wuY29tL2ludmVzdGluZy8yMDIzLzEwLzEwLzEtd2FycmVuLWJ1ZmZldHQtYWktc3RvY2staXMtZG93bi0zMS1pcy1pdC10aW1lLXRvL9IBAA?oc=5,2023-10-10,The Motley Fool,US,en, warren buffett ai stock is down   is it time to buy  the motley fool,60,18,Tuesday,10,2023,4,False,False,Blog,https://www.fool.com/investing/2023/10/10/1-warren-buffett-ai-stock-is-down-31-is-it-time-to/,www.fool.com,www,6,com,93,['Jeremy Bowman'],-0.4404,negative,"Amazon (AMZN) is making big moves in artificial intelligence. The stock is also trading at a significant discount, down 31% from its peak in 2021. Berkshire Hathaway (BRK.A 0.69%) owns a number of AI stocks, including Amazon."
How to Help Students Avoid Getting Duped Online — and by AI ... - EdSurge,https://news.google.com/rss/articles/CBMiamh0dHBzOi8vd3d3LmVkc3VyZ2UuY29tL25ld3MvMjAyMy0xMC0xMC1ob3ctdG8taGVscC1zdHVkZW50cy1hdm9pZC1nZXR0aW5nLWR1cGVkLW9ubGluZS1hbmQtYnktYWktY2hhdGJvdHPSAQA?oc=5,2023-10-10,EdSurge,US,en,how to help students avoid getting duped online  and by ai   edsurge,59,15,Tuesday,10,2023,4,False,False,Other,https://www.edsurge.com/news/2023-10-10-how-to-help-students-avoid-getting-duped-online-and-by-ai-chatbots,www.edsurge.com,www,2,com,106,[],-0.3182,negative,summarize:    “I’ll be in touch with you soon.”  “What’s next?” you ask. “I want to know where you’re going.’ ““What do you want to do?’” “Tell me what you think.“” I’d like to hear from you. What do you think?�
"Hackers using AI to increase cyber attacks, in this week's R&D ... - R&D World",https://news.google.com/rss/articles/CBMiZmh0dHBzOi8vd3d3LnJkd29ybGRvbmxpbmUuY29tL2hhY2tlcnMtdXNpbmctYWktdG8taW5jcmVhc2UtY3liZXItYXR0YWNrcy1pbi10aGlzLXdlZWtzLXJkLXBvd2VyLWluZGV4L9IBAA?oc=5,2023-10-10,R&D World,US,en,hackers using ai to increase cyber attacks in this weeks rd   rd world,64,15,Tuesday,10,2023,4,False,False,Other,https://www.rdworldonline.com/hackers-using-ai-to-increase-cyber-attacks-in-this-weeks-rd-power-index/,www.rdworldonline.com,www,2,com,102,['Tim Studt'],-0.1531,negative,0
Warning AI industry could use as much energy as the Netherlands - BBC.com,https://news.google.com/rss/articles/CBMiLGh0dHBzOi8vd3d3LmJiYy5jb20vbmV3cy90ZWNobm9sb2d5LTY3MDUzMTM50gEwaHR0cHM6Ly93d3cuYmJjLmNvbS9uZXdzL3RlY2hub2xvZ3ktNjcwNTMxMzkuYW1w?oc=5,2023-10-10,BBC.com,US,en,warning ai industry could use as much energy as the netherlands  bbccom,61,13,Tuesday,10,2023,4,False,False,Broadcast Media,https://www.bbc.com/news/technology-67053139,www.bbc.com,www,2,com,44,[],-0.0772,negative,summarize:    “I’ll be in touch with you soon.”  “What’s next?” you ask. “I want to know where you’re going.’ ““What do you want to do?’” “Tell me what you think.“” I’d like to hear from you. What do you think?�
"Rogue AI will learn to ‘manipulate people’ to stop it from being switched off, predicts British ‘Godfather of AI’ - Fortune",https://news.google.com/rss/articles/CBMie2h0dHBzOi8vZm9ydHVuZS5jb20vZXVyb3BlLzIwMjMvMTAvMTAvcm9ndWUtYXJ0aWZpY2lhbC1pbnRlbGxpZ2VuY2UtbWFuaXB1bGF0ZS1wZW9wbGUtYnJpdGlzaC1nb2RmYXRoZXItYWktZ2VvZmZyZXktaGludG9uL9IBf2h0dHBzOi8vZm9ydHVuZS5jb20vZXVyb3BlLzIwMjMvMTAvMTAvcm9ndWUtYXJ0aWZpY2lhbC1pbnRlbGxpZ2VuY2UtbWFuaXB1bGF0ZS1wZW9wbGUtYnJpdGlzaC1nb2RmYXRoZXItYWktZ2VvZmZyZXktaGludG9uL2FtcC8?oc=5,2023-10-10,Fortune,US,en,rogue ai will learn to manipulate people to stop it from being switched off predicts british godfather of ai  fortune,103,21,Tuesday,10,2023,4,False,False,News Outlet,https://fortune.com/europe/2023/10/10/rogue-artificial-intelligence-manipulate-people-british-godfather-ai-geoffrey-hinton/,fortune.com,fortune,6,com,123,[],-0.296,negative,"Geoffrey Hinton, a former AI engineer at Google, told 60 Minutes he expected artificial intelligence to become self-aware in time. Hinton quit his role at Google in May to speak out against the growing risks of the technology and lobby for safeguards."
Midjourney vs Stable Diffusion: The Battle of AI Image Generators - Unite.AI,https://news.google.com/rss/articles/CBMiVmh0dHBzOi8vd3d3LnVuaXRlLmFpL21pZGpvdXJuZXktdnMtc3RhYmxlLWRpZmZ1c2lvbi10aGUtYmF0dGxlLW9mLWFpLWltYWdlLWdlbmVyYXRvcnMv0gEA?oc=5,2023-10-10,Unite.AI,US,en,midjourney vs stable diffusion the battle of ai image generators  uniteai,65,12,Tuesday,10,2023,4,False,False,News Outlet,https://www.unite.ai/midjourney-vs-stable-diffusion-the-battle-of-ai-image-generators/,www.unite.ai,www,2,ai,86,['Haziqa Sajid'],-0.1027,negative,"Two of the most popular and powerful AI image generation tools are Midjourney and Stable Diffusion. Both tools have unique strengths and weaknesses, making them suitable for different use cases. According to Global Market Insights, the AI image generator market will reach approximately $944 million by 2032, compared to $213.8 million in 2022."
IDC: AI is a solution for a PC industry with a sales problem - The Register,https://news.google.com/rss/articles/CBMiUmh0dHBzOi8vd3d3LnRoZXJlZ2lzdGVyLmNvbS8yMDIzLzEwLzEwL2lkY19wY19zaGlwbWVudHNfc2lua19xM18yMDIzX2FpX3RvX3Jlc2N1ZS_SAVZodHRwczovL3d3dy50aGVyZWdpc3Rlci5jb20vQU1QLzIwMjMvMTAvMTAvaWRjX3BjX3NoaXBtZW50c19zaW5rX3EzXzIwMjNfYWlfdG9fcmVzY3VlLw?oc=5,2023-10-10,The Register,US,en,idc ai is a solution for a pc industry with a sales problem  the register,60,16,Tuesday,10,2023,4,False,False,News Outlet,https://www.theregister.com/2023/10/10/idc_pc_shipments_sink_q3_2023_ai_to_rescue/,www.theregister.com,www,5,com,82,['Paul Kunert'],-0.1027,negative,0
"AI, social media threaten democracies with misinformation flood - Axios",https://news.google.com/rss/articles/CBMiVGh0dHBzOi8vd3d3LmF4aW9zLmNvbS8yMDIzLzEwLzEwL21pc2luZm9ybWF0aW9uLWFpLWRlbW9jcmFjeS10aXBwaW5nLXBvaW50LWVsZWN0aW9uc9IBAA?oc=5,2023-10-10,Axios,US,en,ai social media threaten democracies with misinformation flood  axios,62,10,Tuesday,10,2023,4,False,False,Other,https://www.axios.com/2023/10/10/misinformation-ai-democracy-tipping-point-elections,www.axios.com,www,4,com,84,[],-0.5994,negative,0
AI Is Writing Books About Foraging. What Could Go Wrong? - Civil Eats,https://news.google.com/rss/articles/CBMiWGh0dHBzOi8vY2l2aWxlYXRzLmNvbS8yMDIzLzEwLzEwL2FpLWlzLXdyaXRpbmctYm9va3MtYWJvdXQtZm9yYWdpbmctd2hhdC1jb3VsZC1nby13cm9uZy_SAQA?oc=5,2023-10-10,Civil Eats,US,en,ai is writing books about foraging what could go wrong  civil eats,57,13,Tuesday,10,2023,4,False,False,Other,https://civileats.com/2023/10/10/ai-is-writing-books-about-foraging-what-could-go-wrong/,civileats.com,civileats,5,com,88,[],-0.4767,negative,0
How AI is reshaping cancer care and diagnosis - Mobihealth News,https://news.google.com/rss/articles/CBMiTmh0dHBzOi8vd3d3Lm1vYmloZWFsdGhuZXdzLmNvbS9uZXdzL2hvdy1haS1yZXNoYXBpbmctY2FuY2VyLWNhcmUtYW5kLWRpYWdub3Npc9IBAA?oc=5,2023-10-10,Mobihealth News,US,en,how ai is reshaping cancer care and diagnosis  mobihealth news,53,11,Tuesday,10,2023,4,False,False,News Outlet,https://www.mobihealthnews.com/news/how-ai-reshaping-cancer-care-and-diagnosis,www.mobihealthnews.com,www,2,com,78,[],-0.296,negative,"Panelists spoke to journalist and moderator Katie Couric at the Constellation Forum 2023. Using AI in imaging will help radiologists and serve as a clinical ""copilot"" Dr. Richard Barakat said AI could also help predict the side effects of some of these treatments."
"So far, AI hasn’t been profitable for Big Tech - Ars Technica",https://news.google.com/rss/articles/CBMiZGh0dHBzOi8vYXJzdGVjaG5pY2EuY29tL2luZm9ybWF0aW9uLXRlY2hub2xvZ3kvMjAyMy8xMC9zby1mYXItYWktaGFzbnQtYmVlbi1wcm9maXRhYmxlLWZvci1iaWctdGVjaC_SAWhodHRwczovL2Fyc3RlY2huaWNhLmNvbS9pbmZvcm1hdGlvbi10ZWNobm9sb2d5LzIwMjMvMTAvc28tZmFyLWFpLWhhc250LWJlZW4tcHJvZml0YWJsZS1mb3ItYmlnLXRlY2gvYW1wLw?oc=5,2023-10-10,Ars Technica,US,en,so far ai hasnt been profitable for big tech  ars technica,50,12,Tuesday,10,2023,4,False,False,Blog,https://arstechnica.com/information-technology/2023/10/so-far-ai-hasnt-been-profitable-for-big-tech/,arstechnica.com,arstechnica,5,com,100,['Benj Edwards'],-0.3412,negative,"Big Tech companies like Microsoft and Google are grappling with the challenge of turning AI products like ChatGPT into a profitable enterprise. Generative AI models used for creating text are not cheap to operate. Some companies are trying to dial back costs, while others continue to invest more deeply in the tech."
Navigating the monetization problem in Generative AI: insights from Databricks' Naveen Rao - Business Insider,https://news.google.com/rss/articles/CBMiXWh0dHBzOi8vd3d3LmJ1c2luZXNzaW5zaWRlci5jb20vZGF0YWJyaWNrcy1uYXZlZW4tcmFvLWFpLWNvcHlyaWdodC1pbmZyaW5nZW1lbnQtYWkxMDAtMjAyMy0xMNIBYWh0dHBzOi8vd3d3LmJ1c2luZXNzaW5zaWRlci5jb20vZGF0YWJyaWNrcy1uYXZlZW4tcmFvLWFpLWNvcHlyaWdodC1pbmZyaW5nZW1lbnQtYWkxMDAtMjAyMy0xMD9hbXA?oc=5,2023-10-10,Business Insider,US,en,navigating the monetization problem in generative ai insights from databricks naveen rao  business insider,95,15,Tuesday,10,2023,4,False,False,News Outlet,https://www.businessinsider.com/databricks-naveen-rao-ai-copyright-infringement-ai100-2023-10,www.businessinsider.com,www,1,com,93,['Ellen Thomas'],-0.4019,negative,"Naveen Rao is a member of Insider's inaugural AI 100 list. He oversees generative-AI strategy for Databricks after it bought his startup MosaicML for $1.3 billion. Rao likens it to the issue that crushed Napster, the 2000s-era music-sharing platform."
Dropbox is adding tons of AI—and is still serious about virtual work - Fast Company,https://news.google.com/rss/articles/CBMiZ2h0dHBzOi8vd3d3LmZhc3Rjb21wYW55LmNvbS85MDk2NDAzMi9ob3ctZHJvcGJveC1pcy10YWNrbGluZy1haS1hbmQtd2h5LWl0cy1nbGFkLWl0LWRpdGNoZWQtaXRzLW9mZmljZXPSAQA?oc=5,2023-10-10,Fast Company,US,en,dropbox is adding tons of aiand is still serious about virtual work  fast company,69,15,Tuesday,10,2023,4,False,False,Magazine,https://www.fastcompany.com/90964032/how-dropbox-is-tackling-ai-and-why-its-glad-it-ditched-its-offices,www.fastcompany.com,www,2,com,103,[],-0.0772,negative,0
Reinventing Customer Experiences with Generative AI and Amazon ... - No Jitter,https://news.google.com/rss/articles/CBMiaGh0dHBzOi8vd3d3Lm5vaml0dGVyLmNvbS9haS1hdXRvbWF0aW9uL3JlaW52ZW50aW5nLWN1c3RvbWVyLWV4cGVyaWVuY2VzLWdlbmVyYXRpdmUtYWktYW5kLWFtYXpvbi1jb25uZWN00gEA?oc=5,2023-10-10,No Jitter,US,en,reinventing customer experiences with generative ai and amazon   no jitter,67,12,Tuesday,10,2023,4,False,False,Other,https://www.nojitter.com/ai-automation/reinventing-customer-experiences-generative-ai-and-amazon-connect,www.nojitter.com,www,2,com,104,[],-0.128,negative,Customer experience (CX) is one of the top use cases for generative AI. McKinsey estimate a 30 to 45 percent productivity cost improvement from applying AI to customer care functions. Generative AI can be used to concisely summarize conversations to reduce the time agents and managers spend taking notes.
▶️ Listen Now: Lawsuit alleges AI was used to discriminate ... - WBEZ Chicago,https://news.google.com/rss/articles/CBMilAFodHRwczovL3d3dy53YmV6Lm9yZy9zdG9yaWVzL2xhd3N1aXQtYWxsZWdlcy1haS13YXMtdXNlZC10by1kaXNjcmltaW5hdGUtYWdhaW5zdC1yZW50ZXJzLXVzaW5nLWhvdXNpbmctdm91Y2hlcnMvMDFkOTQ1YWYtOTMxMC00ZTA4LTg4YzItZGIyNWI0NTA3OTAw0gEA?oc=5,2023-10-10,WBEZ Chicago,US,en, listen now lawsuit alleges ai was used to discriminate   wbez chicago,64,14,Tuesday,10,2023,4,False,False,Other,https://www.wbez.org/stories/lawsuit-alleges-ai-was-used-to-discriminate-against-renters-using-housing-vouchers/01d945af-9310-4e08-88c2-db25b4507900,www.wbez.org,www,3,org,148,[],-0.2263,negative,"Open Communities, an Evanston-based housing advocacy group, filed a federal lawsuit last month alleging that some companies use “artificial intelligence entities” to discriminate against renters. A six-month investigation by the group found over 100 instances of AI tools sending an automated response to turn away customers with questions about housing vouchers."
IT and contact centre leaders embrace conversational AI or fear ... - ComputerWeekly.com,https://news.google.com/rss/articles/CBMifGh0dHBzOi8vd3d3LmNvbXB1dGVyd2Vla2x5LmNvbS9uZXdzLzM2NjU1NDY3My9JVC1hbmQtY29udGFjdC1jZW50cmUtbGVhZGVycy1lbWJyYWNlLWNvbnZlcnNhdGlvbmFsLUFJLW9yLWZlYXItZmFsbGluZy1iZWhpbmTSAQA?oc=5,2023-10-10,ComputerWeekly.com,US,en,it and contact centre leaders embrace conversational ai or fear   computerweeklycom,76,13,Tuesday,10,2023,4,False,False,Magazine,https://www.computerweekly.com/news/366554673/IT-and-contact-centre-leaders-embrace-conversational-AI-or-fear-falling-behind,www.computerweekly.com,www,3,com,124,"['Computer Weekly', 'Published']",-0.2263,negative,"8x8 surveyed more than 300 business leaders in contact centre, customer support, customer experience, customer care, customer success, IT, IT help desk, IT/vendor procurement, and operations. The study found virtually all (99%) organisations plan to dedicate more spending on contact centre operations over the next year, with much of that investment going towards adopting or increasing automation."
Worried about AI? Here's how to talk about it with your kids - Deseret News,https://news.google.com/rss/articles/CBMiO2h0dHBzOi8vd3d3LmRlc2VyZXQuY29tLzIwMjMvMTAvMTAvMjM5MTE0MjEvdGFsay10by1raWRzLWFp0gEA?oc=5,2023-10-10,Deseret News,US,en,worried about ai heres how to talk about it with your kids  deseret news,61,15,Tuesday,10,2023,4,False,False,News Outlet,https://www.deseret.com/2023/10/10/23911421/talk-to-kids-ai,www.deseret.com,www,5,com,59,['Amy Iverson'],-0.296,negative,"The ability of computers to take in data, learn from it and then independently make decisions is all around us. Parents should have open discussions with their children about the benefits AI can bring as well as its potential for harm. Children should use caution just as they do with social media or other online tools."
Mint Primer: Grave new world: Can we oversee AI decisions? | Mint - Mint,https://news.google.com/rss/articles/CBMiamh0dHBzOi8vd3d3LmxpdmVtaW50LmNvbS9pbmR1c3RyeS9pbmZvdGVjaC9ncmF2ZS1uZXctd29ybGQtY2FuLXdlLW92ZXJzZWUtYWktZGVjaXNpb25zLTExNjk2ODc2NjQ0MzI0Lmh0bWzSAW5odHRwczovL3d3dy5saXZlbWludC5jb20vaW5kdXN0cnkvaW5mb3RlY2gvZ3JhdmUtbmV3LXdvcmxkLWNhbi13ZS1vdmVyc2VlLWFpLWRlY2lzaW9ucy9hbXAtMTE2OTY4NzY2NDQzMjQuaHRtbA?oc=5,2023-10-10,Mint,US,en,mint primer grave new world can we oversee ai decisions  mint  mint,59,14,Tuesday,10,2023,4,False,False,News Outlet,https://www.livemint.com/industry/infotech/grave-new-world-can-we-oversee-ai-decisions-11696876644324.html,www.livemint.com,www,3,com,106,"[""Leslie D'Monte""]",-0.3818,negative,The ministry of corporate affairs (MCA) is automating its compliance system with artificial intelligence (AI) and machine learning (ML) tools. But decisions such as serving notices on companies will be left to (human) officials to make. MCA’s new AI-powered compliance system will be rolled out on its MCA21 portal once an ongoing upgrade and migration of forms to high-security ones is completed in a couple of months.
Why AI Poses a Mortal Threat to Financial Advisors - Advisor Perspectives,https://news.google.com/rss/articles/CBMiYWh0dHBzOi8vd3d3LmFkdmlzb3JwZXJzcGVjdGl2ZXMuY29tL2FydGljbGVzLzIwMjMvMTAvMTAvYWktcG9zZXMtbW9ydGFsLXRocmVhdC1maW5hbmNpYWwtYWR2aXNvcnPSAQA?oc=5,2023-10-10,Advisor Perspectives,US,en,why ai poses a mortal threat to financial advisors  advisor perspectives,62,12,Tuesday,10,2023,4,False,False,Other,https://www.advisorperspectives.com/articles/2023/10/10/ai-poses-mortal-threat-financial-advisors,www.advisorperspectives.com,www,5,com,97,[],-0.5267,negative,0
Mourning 2.0: The AI-Driven Era of Coping With Loss in China - Sixth Tone,https://news.google.com/rss/articles/CBMiJmh0dHBzOi8vd3d3LnNpeHRodG9uZS5jb20vbmV3cy8xMDEzODYx0gEA?oc=5,2023-10-10,Sixth Tone,US,en,mourning  the aidriven era of coping with loss in china  sixth tone,60,14,Tuesday,10,2023,4,False,False,Other,https://www.sixthtone.com/news/1013861,www.sixthtone.com,www,2,com,38,['Sixth Tone'],-0.6369,negative," AI-driven advancements today are offering unprecedented ways to cope with grief and keep memories alive. Several Chinese enterprises are now venturing into the world of griefbots and digital avatars. Recreating such digital clones often requires an assortment of emerging AI technologies, says Zhong Ping, the founder of Iceberg Data."
Meta AI Brings New Era for Advertising Tech - Street Fight,https://news.google.com/rss/articles/CBMieWh0dHBzOi8vc3RyZWV0ZmlnaHRtYWcuY29tLzIwMjMvMTAvMTAvdGltZXMtYXJlLWNoYW5naW5nLW1ldGFzLWFpLXBvd2VyZWQtZmVhdHVyZXMtYnJpbmctaW4tbmV3LWVyYS1mb3ItYWR2ZXJ0aXNpbmctdGVjaC_SAQA?oc=5,2023-10-10,Street Fight,US,en,meta ai brings new era for advertising tech  street fight,48,11,Tuesday,10,2023,4,False,False,Other,https://streetfightmag.com/2023/10/10/times-are-changing-metas-ai-powered-features-bring-in-new-era-for-advertising-tech/,streetfightmag.com,streetfightmag,5,com,121,"['Stephanie Miles', 'Stephanie Miles Is A Journalist Who Covers Personal Finance', 'Technology', 'Real Estate. As Street Fight S Senior Editor', 'She Is Particularly Interested In How Local Merchants', 'National Brands Are Utilizing Hyperlocal Technology To Reach Consumers. She Has Written For Fhm', 'The Daily News', 'Working World', 'Gawker', 'Cityfile']",-0.3818,negative,0
1 Artificial Intelligence (AI) Stock That's a Screaming Buy in October ... - The Motley Fool,https://news.google.com/rss/articles/CBMiXWh0dHBzOi8vd3d3LmZvb2wuY29tL2ludmVzdGluZy8yMDIzLzEwLzEwLzEtYWktc3RvY2stc2NyZWFtaW5nLWJ1eS1vY3RvYmVyLTEtcmVhZHktdG8tdHVtYmxlL9IBAA?oc=5,2023-10-10,The Motley Fool,US,en, artificial intelligence ai stock thats a screaming buy in october   the motley fool,77,16,Tuesday,10,2023,4,False,False,Blog,https://www.fool.com/investing/2023/10/10/1-ai-stock-screaming-buy-october-1-ready-to-tumble/,www.fool.com,www,6,com,93,['Sean Williams'],-0.34,negative,Semiconductor giant Intel (INTC -4.66%) stands out as the top buy in October. Intel has a chance to become the world's No. 2 foundry by the end of the decade. Nvidia (NVDA -5.55%) is the AI stock that appears most likely to tumble.
How to use Microsoft AutoGen with multiple prompts and AI agents - Geeky Gadgets,https://news.google.com/rss/articles/CBMiO2h0dHBzOi8vd3d3LmdlZWt5LWdhZGdldHMuY29tL2hvdy10by11c2UtbWljcm9zb2Z0LWF1dG9nZW4v0gEA?oc=5,2023-10-10,Geeky Gadgets,US,en,how to use microsoft autogen with multiple prompts and ai agents  geeky gadgets,67,14,Tuesday,10,2023,4,False,False,Other,https://www.geeky-gadgets.com/how-to-use-microsoft-autogen/,www.geeky-gadgets.com,www,2,com,59,['Julian Horsey'],-0.1531,negative,0
AI can support 'seamless claims' but there's 'no substitute for human ... - Insurance Times,https://news.google.com/rss/articles/CBMihwFodHRwczovL3d3dy5pbnN1cmFuY2V0aW1lcy5jby51ay9uZXdzL2FpLWNhbi1zdXBwb3J0LXNlYW1sZXNzLWNsYWltcy1idXQtdGhlcmVzLW5vLXN1YnN0aXR1dGUtZm9yLWh1bWFuLXNraWxscy1zZWRnd2ljay8xNDQ1NDY4LmFydGljbGXSAQA?oc=5,2023-10-09,Insurance Times,US,en,ai can support seamless claims but theres no substitute for human   insurance times,77,15,Monday,10,2023,4,False,True,News Outlet,https://www.insurancetimes.co.uk/news/ai-can-support-seamless-claims-but-theres-no-substitute-for-human-skills-sedgwick/1445468.article,www.insurancetimes.co.uk,www,3,uk,135,"['Chantal Kapani', 'Isobel Rafferty', 'James Cowen', 'Clare Ruel', 'Yiannis Kotoulas']",-0.2382,negative,Loss adjustor and claims management firm Sedgwick has been deploying artificial intelligence (AI) to provide a ‘seamless claims experience’ for customers. But strategy development director Richard Sheridan warned that ‘there is no substitute for human skills’ in this process.
New AI May Slash High Death Rate After Hip Fractures - WebMD,https://news.google.com/rss/articles/CBMiZWh0dHBzOi8vd3d3LndlYm1kLmNvbS9vc3Rlb3Bvcm9zaXMvbmV3cy8yMDIzMTAwOS9uZXctYWktbWF5LXNsYXNoLWhpZ2gtZGVhdGgtcmF0ZS1hZnRlci1oaXAtZnJhY3R1cmVz0gEA?oc=5,2023-10-09,WebMD,US,en,new ai may slash high death rate after hip fractures  webmd,49,12,Monday,10,2023,4,False,True,Other,https://www.webmd.com/osteoporosis/news/20231009/new-ai-may-slash-high-death-rate-after-hip-fractures,www.webmd.com,www,4,com,101,[],-0.7184,negative,0
3 Fashion AI Tools Solving Your Personal Style Woes - Refinery29 Australia,https://news.google.com/rss/articles/CBMiS2h0dHBzOi8vd3d3LnJlZmluZXJ5MjkuY29tL2VuLWF1L2FydGlmaWNpYWwtaW50ZWxsaWdlbmNlLWZhc2hpb24tYXBwcy10b29sc9IBAA?oc=5,2023-10-09,Refinery29 Australia,US,en, fashion ai tools solving your personal style woes  refinery australia,63,12,Monday,10,2023,4,False,True,Other,https://www.refinery29.com/en-au/artificial-intelligence-fashion-apps-tools,www.refinery29.com,www,2,com,75,"['Emily Ruane', 'Zoe Anastasiou', 'Katy Kelleher', 'Jinnie Lee', 'Ebony-Renee Baker', 'Victoria Montalti', 'Amanda Randone', 'Vivien Lee', 'Fashion Ai Tools Solving Your Personal Style Woes']",-0.128,negative,summarize:    “I’ll be in touch with you soon.”  “What’s next?” you ask. “I want to know where you’re going.’ ““What do you want to do?’” “Tell me what you think.“” I’d like to hear from you. What do you think?�
