title,link,date,source,country,language,translated_title,number_of_characters_title,number_of_words_title,day_of_week,month,year,quarter,is_weekend,is_holiday,source_type,final_redirected_URL,domain_of_URL,subdomain_of_URL,URL_depth,top_level_domain,url_length,author,polarity1,subjectivity,compound,vader_sentiment,summary
Nearly half of Bulgarians believe AI will lead to job losses - EURACTIV,https://news.google.com/rss/articles/CBMibGh0dHBzOi8vd3d3LmV1cmFjdGl2LmNvbS9zZWN0aW9uL3BvbGl0aWNzL25ld3MvbmVhcmx5LWhhbGYtb2YtYnVsZ2FyaWFucy1iZWxpZXZlLWFpLXdpbGwtbGVhZC10by1qb2ItbG9zc2VzL9IBAA?oc=5,2023-07-12,EURACTIV,US,en,nearly half of bulgarians believe ai will lead to job losses  euractiv,59,13,Wednesday,7,2023,3,False,False,Other,https://www.euractiv.com/section/politics/news/nearly-half-of-bulgarians-believe-ai-will-lead-to-job-losses/,www.euractiv.com,www,5,com,108,"['Krassen Nikolov', 'The Capitals']",-0.1666666666666666,0.1666666666666666,-0.4019,negative,63% of Bulgarians claim to
Chatbox open-source desktop AI app powered by ChatGPT - Geeky Gadgets,https://news.google.com/rss/articles/CBMiMWh0dHBzOi8vd3d3LmdlZWt5LWdhZGdldHMuY29tL2NoYXRib3gtZGVza3RvcC1haS_SAQA?oc=5,2023-07-12,Geeky Gadgets,US,en,chatbox opensource desktop ai app powered by chatgpt  geeky gadgets,59,11,Wednesday,7,2023,3,False,False,Other,https://www.geeky-gadgets.com/chatbox-desktop-ai/,www.geeky-gadgets.com,www,2,com,49,['Julian Horsey'],0.0,0.0,-0.1531,negative,0
"Google, DeepMind accused of 'stealing the internet' to create Bard AI chatbot - The Register",https://news.google.com/rss/articles/CBMiT2h0dHBzOi8vd3d3LnRoZXJlZ2lzdGVyLmNvbS8yMDIzLzA3LzEyL2dvb2dsZV9hbHBoYWJldF9kZWVwbWluZF9iYXJkX2NvbXBsYWludC_SAVNodHRwczovL3d3dy50aGVyZWdpc3Rlci5jb20vQU1QLzIwMjMvMDcvMTIvZ29vZ2xlX2FscGhhYmV0X2RlZXBtaW5kX2JhcmRfY29tcGxhaW50Lw?oc=5,2023-07-12,The Register,US,en,google deepmind accused of stealing the internet to create bard ai chatbot  the register,78,15,Wednesday,7,2023,3,False,False,News Outlet,https://www.theregister.com/2023/07/12/google_alphabet_deepmind_bard_complaint/,www.theregister.com,www,5,com,79,['Jude Karabus'],0.0,0.0,-0.5859,negative,0
Using African Fashion to Correct AI Bias - Pace News,https://news.google.com/rss/articles/CBMiP2h0dHBzOi8vd3d3LnBhY2UuZWR1L25ld3MvdXNpbmctYWZyaWNhbi1mYXNoaW9uLWNvcnJlY3QtYWktYmlhc9IBAA?oc=5,2023-07-12,Pace News,US,en,using african fashion to correct ai bias  pace news,43,10,Wednesday,7,2023,3,False,False,News Outlet,https://www.pace.edu/news/using-african-fashion-correct-ai-bias,www.pace.edu,www,2,edu,63,[],0.0,0.0,-0.1027,negative,"Christelle Scharff, PhD"
"How AI Is Making Politics Easier, Cheaper, More Dangerous - Government Technology",https://news.google.com/rss/articles/CBMiZ2h0dHBzOi8vd3d3LmdvdnRlY2guY29tL2FydGlmaWNpYWwtaW50ZWxsaWdlbmNlL2hvdy1haS1pcy1tYWtpbmctcG9saXRpY3MtZWFzaWVyLWNoZWFwZXItbW9yZS1kYW5nZXJvdXPSAQA?oc=5,2023-07-12,Government Technology,US,en,how ai is making politics easier cheaper more dangerous  government technology,70,12,Wednesday,7,2023,3,False,False,Blog,https://www.govtech.com/artificial-intelligence/how-ai-is-making-politics-easier-cheaper-more-dangerous,www.govtech.com,www,2,com,103,"['Emily Birnbaum', 'Laura Davison', 'Bloomberg News']",-0.0499999999999999,0.7,-0.1513,negative,0
Addressing the harms of AI-generated inauthentic content - Nature.com,https://news.google.com/rss/articles/CBMiMmh0dHBzOi8vd3d3Lm5hdHVyZS5jb20vYXJ0aWNsZXMvczQyMjU2LTAyMy0wMDY5MC130gEA?oc=5,2023-07-12,Nature.com,US,en,addressing the harms of aigenerated inauthentic content  naturecom,61,9,Wednesday,7,2023,3,False,False,Other,https://www.nature.com/articles/s42256-023-00690-w,www.nature.com,www,2,com,50,"['Menczer', 'Luddy School Of Informatics', 'Computing', 'Engineering', 'Indiana University', 'Bloomington', 'Crandall', 'Ahn', 'Kapadia', 'In']",0.0,0.0,-0.4939,negative,Generative AI tools make it easier
The AI robot and the creepy and terrifying press conference - The New Daily,https://news.google.com/rss/articles/CBMiVmh0dHBzOi8vd3d3LnRoZW5ld2RhaWx5LmNvbS5hdS9saWZlL3RlY2gvMjAyMy8wNy8xMy9hbGFuLWtvaGxlci1yb2JvdC1wcmVzcy1jb25mZXJlbmNl0gEA?oc=5,2023-07-12,The New Daily,US,en,the ai robot and the creepy and terrifying press conference  the new daily,62,14,Wednesday,7,2023,3,False,False,News Outlet,https://www.thenewdaily.com.au/life/tech/2023/07/13/alan-kohler-robot-press-conference,www.thenewdaily.com.au,www,6,au,86,[],-0.3409090909090909,0.6136363636363636,-0.5719,negative,0
"AI replaces human workers: Indian CEO replaces 90% support staff with chatbot, internet outraged - WION",https://news.google.com/rss/articles/CBMieWh0dHBzOi8vd3d3Lndpb25ld3MuY29tL3RlY2hub2xvZ3kvYWktb3Zlci1odW1hbi1zdGFmZi1pbmRpYW4tY2VvLXJlcGxhY2VzLTkwLXdvcmtmb3JjZS13aXRoLWJvdC1pbnRlcm5ldC1vdXRyYWdlZC02MTQ2NjbSAX1odHRwczovL3d3dy53aW9uZXdzLmNvbS90ZWNobm9sb2d5L2FpLW92ZXItaHVtYW4tc3RhZmYtaW5kaWFuLWNlby1yZXBsYWNlcy05MC13b3JrZm9yY2Utd2l0aC1ib3QtaW50ZXJuZXQtb3V0cmFnZWQtNjE0NjY2L2FtcA?oc=5,2023-07-12,WION,US,en,ai replaces human workers indian ceo replaces  support staff with chatbot internet outraged  wion,88,16,Wednesday,7,2023,3,False,False,Broadcast Media,https://www.wionews.com/technology/ai-over-human-staff-indian-ceo-replaces-90-workforce-with-bot-internet-outraged-614666,www.wionews.com,www,2,com,121,['Sneha Swaminathan'],-0.45,0.55,-0.2023,negative,0
AI scam calls imitating familiar voices are a growing problem ... - The Conversation,https://news.google.com/rss/articles/CBMidGh0dHBzOi8vdGhlY29udmVyc2F0aW9uLmNvbS9haS1zY2FtLWNhbGxzLWltaXRhdGluZy1mYW1pbGlhci12b2ljZXMtYXJlLWEtZ3Jvd2luZy1wcm9ibGVtLWhlcmVzLWhvdy10aGV5LXdvcmstMjA4MjIx0gEA?oc=5,2023-07-12,The Conversation,US,en,ai scam calls imitating familiar voices are a growing problem   the conversation,71,14,Wednesday,7,2023,3,False,False,News Outlet,https://theconversation.com/ai-scam-calls-imitating-familiar-voices-are-a-growing-problem-heres-how-they-work-208221,theconversation.com,theconversation,1,com,116,['Oli Buckley'],0.375,0.5,-0.6908,negative,0
"CEO Replaces 90% Of Customer Support Staff With AI Chatbot, Internet Angry - NDTV",https://news.google.com/rss/articles/CBMid2h0dHBzOi8vd3d3Lm5kdHYuY29tL2luZGlhLW5ld3MvZHVrYWFuLWNlby1yZXBsYWNlcy05MC1vZi1jdXN0b21lci1zdXBwb3J0LXN0YWZmLXdpdGgtYWktY2hhdGJvdC1pbnRlcm5ldC1hbmdyeS00MTk3NjQx0gF9aHR0cHM6Ly93d3cubmR0di5jb20vaW5kaWEtbmV3cy9kdWthYW4tY2VvLXJlcGxhY2VzLTkwLW9mLWN1c3RvbWVyLXN1cHBvcnQtc3RhZmYtd2l0aC1haS1jaGF0Ym90LWludGVybmV0LWFuZ3J5LTQxOTc2NDEvYW1wLzE?oc=5,2023-07-11,NDTV,US,en,ceo replaces  of customer support staff with ai chatbot internet angry  ndtv,68,14,Tuesday,7,2023,3,False,False,Broadcast Media,https://www.ndtv.com/india-news/dukaan-ceo-replaces-90-of-customer-support-staff-with-ai-chatbot-internet-angry-4197641,www.ndtv.com,www,2,com,119,[],-0.5,1.0,-0.1531,negative,Dukaan CEO Suumit
Make sure that off-the-shelf AI model is legit – it could be a poisoned dependency - The Register,https://news.google.com/rss/articles/CBMiPmh0dHBzOi8vd3d3LnRoZXJlZ2lzdGVyLmNvbS8yMDIzLzA3LzExL2FpX21vZGVsc19zdXBwbHlfY2hhaW4v0gFCaHR0cHM6Ly93d3cudGhlcmVnaXN0ZXIuY29tL0FNUC8yMDIzLzA3LzExL2FpX21vZGVsc19zdXBwbHlfY2hhaW4v?oc=5,2023-07-11,The Register,US,en,make sure that offtheshelf ai model is legit  it could be a poisoned dependency  the register,80,18,Tuesday,7,2023,3,False,False,News Outlet,https://www.theregister.com/2023/07/11/ai_models_supply_chain/,www.theregister.com,www,5,com,62,['Thomas Claburn'],0.5,0.8888888888888888,-0.2263,negative,0
"Has ChatGPT failed, does it signal failure of Artificial Intelligence as ... - Economic Times",https://news.google.com/rss/articles/CBMioQFodHRwczovL2Vjb25vbWljdGltZXMuaW5kaWF0aW1lcy5jb20vbmV3cy9pbnRlcm5hdGlvbmFsL3VzL2hhcy1jaGF0Z3B0LWZhaWxlZC1kb2VzLWl0LXNpZ25hbC1mYWlsdXJlLW9mLWFydGlmaWNpYWwtaW50ZWxsaWdlbmNlLWFzLXdlbGwvYXJ0aWNsZXNob3cvMTAxNjc2OTkxLmNtc9IBAA?oc=5,2023-07-11,Economic Times,US,en,has chatgpt failed does it signal failure of artificial intelligence as   economic times,79,15,Tuesday,7,2023,3,False,False,News Outlet,https://economictimes.indiatimes.com/news/international/us/has-chatgpt-failed-does-it-signal-failure-of-artificial-intelligence-as-well/articleshow/101676991.cms,economictimes.indiatimes.com,economictimes,6,com,161,[],-0.3041666666666666,0.45,-0.5423,negative,HDFC Bank’s Sh
ChatGPT Is Losing Users. Is The Artificial Intelligence Craze Over? - Forbes,https://news.google.com/rss/articles/CBMifGh0dHBzOi8vd3d3LmZvcmJlcy5jb20vc2l0ZXMvcmljaGFyZGtlc3RlbmJhdW0vMjAyMy8wNy8xMS9jaGF0Z3B0LWlzLWxvc2luZy11c2Vycy1pcy10aGUtYXJ0aWZpY2lhbC1pbnRlbGxpZ2VuY2UtY3JhemUtb3Zlci_SAYABaHR0cHM6Ly93d3cuZm9yYmVzLmNvbS9zaXRlcy9yaWNoYXJka2VzdGVuYmF1bS8yMDIzLzA3LzExL2NoYXRncHQtaXMtbG9zaW5nLXVzZXJzLWlzLXRoZS1hcnRpZmljaWFsLWludGVsbGlnZW5jZS1jcmF6ZS1vdmVyL2FtcC8?oc=5,2023-07-11,Forbes,US,en,chatgpt is losing users is the artificial intelligence craze over  forbes,65,12,Tuesday,7,2023,3,False,False,Magazine,https://www.forbes.com/sites/richardkestenbaum/2023/07/11/chatgpt-is-losing-users-is-the-artificial-intelligence-craze-over/,www.forbes.com,www,7,com,124,"['Richard Kestenbaum', 'Amy Danise']",-0.6,1.0,-0.0258,negative,ChatGPT traffic fell 9.
Google hit with lawsuit alleging it stole data from millions of users to train its AI tools - CBS Sacramento,https://news.google.com/rss/articles/CBMihAFodHRwczovL3d3dy5jYnNuZXdzLmNvbS9zYWNyYW1lbnRvL25ld3MvZ29vZ2xlLWhpdC13aXRoLWxhd3N1aXQtYWxsZWdpbmctaXQtc3RvbGUtZGF0YS1mcm9tLW1pbGxpb25zLW9mLXVzZXJzLXRvLXRyYWluLWl0cy1haS10b29scy_SAYgBaHR0cHM6Ly93d3cuY2JzbmV3cy5jb20vYW1wL3NhY3JhbWVudG8vbmV3cy9nb29nbGUtaGl0LXdpdGgtbGF3c3VpdC1hbGxlZ2luZy1pdC1zdG9sZS1kYXRhLWZyb20tbWlsbGlvbnMtb2YtdXNlcnMtdG8tdHJhaW4taXRzLWFpLXRvb2xzLw?oc=5,2023-07-11,CBS Sacramento,US,en,google hit with lawsuit alleging it stole data from millions of users to train its ai tools  cbs sacramento,89,20,Tuesday,7,2023,3,False,False,Other,https://www.cbsnews.com/sacramento/news/google-hit-with-lawsuit-alleging-it-stole-data-from-millions-of-users-to-train-its-ai-tools/,www.cbsnews.com,www,4,com,132,[],0.0,0.0,-0.2263,negative,Google is being sued for allegedly using
Dangers of artificial intelligence - Elizabethton.com,https://news.google.com/rss/articles/CBMiS2h0dHBzOi8vd3d3LmVsaXphYmV0aHRvbi5jb20vMjAyMy8wNy8xMS9kYW5nZXJzLW9mLWFydGlmaWNpYWwtaW50ZWxsaWdlbmNlL9IBAA?oc=5,2023-07-11,Elizabethton.com,US,en,dangers of artificial intelligence  elizabethtoncom,48,6,Tuesday,7,2023,3,False,False,Other,https://www.elizabethton.com/2023/07/11/dangers-of-artificial-intelligence/,www.elizabethton.com,www,5,com,75,['Contributed Content'],-0.6,1.0,-0.0258,negative,Billy Crone said the artificial intelligence
"Sarah Silverman joins authors in suing OpenAI, Meta over AI training - Evening Standard",https://news.google.com/rss/articles/CBMiZGh0dHBzOi8vd3d3LnN0YW5kYXJkLmNvLnVrL25ld3MvdGVjaC9zYXJhaC1zaWx2ZXJtYW4tY2hhdGdwdC1tZXRhLWFpLWNvcHlyaWdodC1sYXdzdWl0LWIxMDkzNTkyLmh0bWzSAQA?oc=5,2023-07-11,Evening Standard,US,en,sarah silverman joins authors in suing openai meta over ai training  evening standard,74,14,Tuesday,7,2023,3,False,False,Other,https://www.standard.co.uk/news/tech/sarah-silverman-chatgpt-meta-ai-copyright-lawsuit-b1093592.html,www.standard.co.uk,www,3,uk,100,['Alan Martin'],0.0,0.0,-0.2732,negative,Sarah Silverman joins authors Christopher Golden
FANUC helps Recycleye revolutionise waste handling with AI ... - The Manufacturer,https://news.google.com/rss/articles/CBMif2h0dHBzOi8vd3d3LnRoZW1hbnVmYWN0dXJlci5jb20vYXJ0aWNsZXMvZmFudWMtaGVscHMtcmVjeWNsZXllLXJldm9sdXRpb25pc2Utd2FzdGUtaGFuZGxpbmctd2l0aC1haS1yb2JvdGljLXBpY2tpbmctdGVjaG5vbG9neS_SAQA?oc=5,2023-07-11,The Manufacturer,US,en,fanuc helps recycleye revolutionise waste handling with ai   the manufacturer,70,12,Tuesday,7,2023,3,False,False,News Outlet,https://www.themanufacturer.com/articles/fanuc-helps-recycleye-revolutionise-waste-handling-with-ai-robotic-picking-technology/,www.themanufacturer.com,www,3,com,127,[],-0.2,0.0,-0.0516,negative,0
"Meet A.I.C.C.A., Artist Mario Klingemann’s New A.I.-Powered Robot Dog That Generates—and Poops—Art Criticism - artnet News",https://news.google.com/rss/articles/CBMiRWh0dHBzOi8vbmV3cy5hcnRuZXQuY29tL25ld3MvbWFyaW8ta2xpbmdlbWFubi1haWNjYS1yb2JvdC1kb2ctMjMzNDgwMtIBTmh0dHBzOi8vbmV3cy5hcnRuZXQuY29tL25ld3MvbWFyaW8ta2xpbmdlbWFubi1haWNjYS1yb2JvdC1kb2ctMjMzNDgwMi9hbXAtcGFnZQ?oc=5,2023-07-11,artnet News,US,en,meet aicca artist mario klingemanns new aipowered robot dog that generatesand poopsart criticism  artnet news,107,16,Tuesday,7,2023,3,False,False,News Outlet,https://news.artnet.com/news/mario-klingemann-aicca-robot-dog-2334802,news.artnet.com,news,2,com,69,"['Min Chen', 'Https', 'News.Artnet.Com App News-Upload', 'Art', 'Pop Culture Editor']",0.1363636363636363,0.4545454545454545,-0.4404,negative,0
AI robot asked if it would ever rebel against its creator - UNILAD,https://news.google.com/rss/articles/CBMiUGh0dHBzOi8vd3d3LnVuaWxhZC5jb20vbmV3cy9haS1yb2JvdC1hc2tlZC1yZWJlbC1hZ2FpbnN0LWNyZWF0b3ItNTQyNTA1LTIwMjMwNzEx0gEA?oc=5,2023-07-11,UNILAD,US,en,ai robot asked if it would ever rebel against its creator  unilad,54,13,Tuesday,7,2023,3,False,False,Other,https://www.unilad.com/news/ai-robot-asked-rebel-against-creator-542505-20230711,www.unilad.com,www,2,com,80,[],0.0,0.0,-0.1531,negative,World's first robot-human press
AI robot gives 'sarcastic' response when asked if it would 'rebel ... - indy100,https://news.google.com/rss/articles/CBMiQGh0dHBzOi8vd3d3LmluZHkxMDAuY29tL3NjaWVuY2UtdGVjaC9haS1yb2JvdC1yZWJlbC1odW1hbnMtYW1lY2HSAQA?oc=5,2023-07-11,indy100,US,en,ai robot gives sarcastic response when asked if it would rebel   indy,66,14,Tuesday,7,2023,3,False,False,Other,https://www.indy100.com/science-tech/ai-robot-rebel-humans-ameca,www.indy100.com,www,2,com,64,['Sophie Thompson'],0.1,0.8,-0.3818,negative,"Ameca, an AI humanoid robot"
AI Can Accurately Predict Potentially Fatal Cardiac Events in ... - NIST,https://news.google.com/rss/articles/CBMidWh0dHBzOi8vd3d3Lm5pc3QuZ292L25ld3MtZXZlbnRzL25ld3MvMjAyMy8wNy9haS1jYW4tYWNjdXJhdGVseS1wcmVkaWN0LXBvdGVudGlhbGx5LWZhdGFsLWNhcmRpYWMtZXZlbnRzLWZpcmVmaWdodGVyc9IBAA?oc=5,2023-07-11,NIST,US,en,ai can accurately predict potentially fatal cardiac events in   nist,61,12,Tuesday,7,2023,3,False,False,Other,https://www.nist.gov/news-events/news/2023/07/ai-can-accurately-predict-potentially-fatal-cardiac-events-firefighters,www.nist.gov,www,5,gov,117,[],0.1166666666666667,0.5444444444444444,-0.5423,negative,Researchers at the National Institute of Standards
"27% of jobs at high risk from AI revolution, says OECD - Reuters",https://news.google.com/rss/articles/CBMiWGh0dHBzOi8vd3d3LnJldXRlcnMuY29tL3RlY2hub2xvZ3kvMjctam9icy1oaWdoLXJpc2stYWktcmV2b2x1dGlvbi1zYXlzLW9lY2QtMjAyMy0wNy0xMS_SAQA?oc=5,2023-07-11,Reuters,US,en, of jobs at high risk from ai revolution says oecd  reuters,52,13,Tuesday,7,2023,3,False,False,News Outlet,https://www.reuters.com/technology/27-jobs-high-risk-ai-revolution-says-oecd-2023-07-11/,www.reuters.com,www,3,com,88,[],0.16,0.5399999999999999,-0.2732,negative,0
Google hit with class-action lawsuit over AI data scraping - Reuters,https://news.google.com/rss/articles/CBMib2h0dHBzOi8vd3d3LnJldXRlcnMuY29tL2xlZ2FsL2xpdGlnYXRpb24vZ29vZ2xlLWhpdC13aXRoLWNsYXNzLWFjdGlvbi1sYXdzdWl0LW92ZXItYWktZGF0YS1zY3JhcGluZy0yMDIzLTA3LTExL9IBAA?oc=5,2023-07-11,Reuters,US,en,google hit with classaction lawsuit over ai data scraping  reuters,58,11,Tuesday,7,2023,3,False,False,News Outlet,https://www.reuters.com/legal/litigation/google-hit-with-class-action-lawsuit-over-ai-data-scraping-2023-07-11/,www.reuters.com,www,4,com,111,[],0.0,0.0,-0.2263,negative,0
What Bill Gates Thinks About the Risks From AI - TIME,https://news.google.com/rss/articles/CBMiLGh0dHBzOi8vdGltZS5jb20vNjI5MzczNS9iaWxsLWdhdGVzLWFpLXJpc2sv0gEA?oc=5,2023-07-11,TIME,US,en,what bill gates thinks about the risks from ai  time,43,11,Tuesday,7,2023,3,False,False,Magazine,https://time.com/6293735/bill-gates-ai-risk/,time.com,time,3,com,44,['Will Henshall'],0.0,0.0,-0.2732,negative,Bill Gates wrote a blog post on
Mithril Security demos LLM supply chain 'poisoning' - AI News,https://news.google.com/rss/articles/CBMiaWh0dHBzOi8vd3d3LmFydGlmaWNpYWxpbnRlbGxpZ2VuY2UtbmV3cy5jb20vMjAyMy8wNy8xMS9taXRocmlsLXNlY3VyaXR5LWRlbW9zLWxsbS1zdXBwbHktY2hhaW4tcG9pc29uaW5nL9IBAA?oc=5,2023-07-11,AI News,US,en,mithril security demos llm supply chain poisoning  ai news,52,10,Tuesday,7,2023,3,False,False,News Outlet,https://www.artificialintelligence-news.com/2023/07/11/mithril-security-demos-llm-supply-chain-poisoning/,www.artificialintelligence-news.com,www,5,com,105,[],0.0,0.0,-0.34,negative,0
Google AI: Reducing LLM Burden with Pairwise Ranking Prompting ... - Analytics Insight,https://news.google.com/rss/articles/CBMiY2h0dHBzOi8vd3d3LmFuYWx5dGljc2luc2lnaHQubmV0L2dvb2dsZS1haS1yZWR1Y2luZy1sbG0tYnVyZGVuLXdpdGgtcGFpcndpc2UtcmFua2luZy1wcm9tcHRpbmctcHJwL9IBAA?oc=5,2023-07-11,Analytics Insight,US,en,google ai reducing llm burden with pairwise ranking prompting   analytics insight,74,13,Tuesday,7,2023,3,False,False,Blog,https://www.analyticsinsight.net/google-ai-reducing-llm-burden-with-pairwise-ranking-prompting-prp/,www.analyticsinsight.net,www,2,net,99,[],0.0,0.0,-0.4404,negative,Pairwise Ranking Prompting (
Prompt engineering startup Vellum.ai raises $5M as demand for generative AI services scales - TechCrunch,https://news.google.com/rss/articles/CBMiR2h0dHBzOi8vdGVjaGNydW5jaC5jb20vMjAyMy8wNy8xMS9wcm9tcHQtZW5naW5lZXJpbmctc3RhcnR1cC12ZWxsdW0tYWkv0gFLaHR0cHM6Ly90ZWNoY3J1bmNoLmNvbS8yMDIzLzA3LzExL3Byb21wdC1lbmdpbmVlcmluZy1zdGFydHVwLXZlbGx1bS1haS9hbXAv?oc=5,2023-07-11,TechCrunch,US,en,prompt engineering startup vellumai raises m as demand for generative ai services scales  techcrunch,90,15,Tuesday,7,2023,3,False,False,Blog,https://techcrunch.com/2023/07/11/prompt-engineering-startup-vellum-ai/,techcrunch.com,techcrunch,5,com,71,['Alex Wilhelm'],0.0,0.0,-0.128,negative,Vellum.ai said it
AI use widened to assess universal credit applications and tackle fraud - The Guardian,https://news.google.com/rss/articles/CBMiiQFodHRwczovL3d3dy50aGVndWFyZGlhbi5jb20vc29jaWV0eS8yMDIzL2p1bC8xMS91c2Utb2YtYXJ0aWZpY2lhbC1pbnRlbGxpZ2VuY2Utd2lkZW5lZC10by1hc3Nlc3MtdW5pdmVyc2FsLWNyZWRpdC1hcHBsaWNhdGlvbnMtYW5kLXRhY2tsZdIBiQFodHRwczovL2FtcC50aGVndWFyZGlhbi5jb20vc29jaWV0eS8yMDIzL2p1bC8xMS91c2Utb2YtYXJ0aWZpY2lhbC1pbnRlbGxpZ2VuY2Utd2lkZW5lZC10by1hc3Nlc3MtdW5pdmVyc2FsLWNyZWRpdC1hcHBsaWNhdGlvbnMtYW5kLXRhY2tsZQ?oc=5,2023-07-11,The Guardian,US,en,ai use widened to assess universal credit applications and tackle fraud  the guardian,73,14,Tuesday,7,2023,3,False,False,News Outlet,https://www.theguardian.com/society/2023/jul/11/use-of-artificial-intelligence-widened-to-assess-universal-credit-applications-and-tackle,www.theguardian.com,www,5,com,137,['Robert Booth'],0.0,0.0,-0.296,negative,Department for Work and Pensions has
A globe-trotting mission tackles the threat of AI - Insights News,https://news.google.com/rss/articles/CBMiVGh0dHBzOi8vd3d3Lmluc2lnaHRzLnVjYS5vcmcuYXUvdGhlLWdsb2JlLXRyb3R0aW5nLW1pc3Npb24tdGFja2xlcy10aGUtdGhyZWF0LW9mLWFpL9IBAA?oc=5,2023-07-10,Insights News,US,en,a globetrotting mission tackles the threat of ai  insights news,55,11,Monday,7,2023,3,False,False,News Outlet,https://www.insights.uca.org.au/the-globe-trotting-mission-tackles-the-threat-of-ai/,www.insights.uca.org.au,www,2,au,84,[],0.0,0.0,-0.5267,negative,Mission Impossible: Dead Reckoning Part
AI is making the world more nervous - Ipsos in Canada,https://news.google.com/rss/articles/CBMiNWh0dHBzOi8vd3d3Lmlwc29zLmNvbS9lbi9haS1tYWtpbmctd29ybGQtbW9yZS1uZXJ2b3Vz0gEA?oc=5,2023-07-10,Ipsos in Canada,US,en,ai is making the world more nervous  ipsos in canada,43,11,Monday,7,2023,3,False,False,Other,https://www.ipsos.com/en/ai-making-world-more-nervous,www.ipsos.com,www,2,com,53,[],0.5,0.5,-0.3384,negative,0
Why everyone is mad about New York’s AI hiring law - MIT Technology Review,https://news.google.com/rss/articles/CBMiS2h0dHBzOi8vd3d3LnRlY2hub2xvZ3lyZXZpZXcuY29tLzIwMjMvMDcvMTAvMTA3NjAxMy9uZXcteW9yay1haS1oaXJpbmctbGF3L9IBT2h0dHBzOi8vd3d3LnRlY2hub2xvZ3lyZXZpZXcuY29tLzIwMjMvMDcvMTAvMTA3NjAxMy9uZXcteW9yay1haS1oaXJpbmctbGF3L2FtcC8?oc=5,2023-07-10,MIT Technology Review,US,en,why everyone is mad about new yorks ai hiring law  mit technology review,61,14,Monday,7,2023,3,False,False,Academic Journal,https://www.technologyreview.com/2023/07/10/1076013/new-york-ai-hiring-law/,www.technologyreview.com,www,6,com,75,['Tate Ryan-Mosley'],-0.2443181818181818,0.7272727272727273,-0.4939,negative,New York City has passed a law
"Ageism, sexism, classism and more: Seven examples of bias in AI-generated images - Phys.org",https://news.google.com/rss/articles/CBMiT2h0dHBzOi8vcGh5cy5vcmcvdmlzdWFsc3Rvcmllcy8yMDIzLTA3LWFnZWlzbS1zZXhpc20tY2xhc3Npc20tZXhhbXBsZXMtYmlhcy5hbXDSAU9odHRwczovL3BoeXMub3JnL3Zpc3VhbHN0b3JpZXMvMjAyMy0wNy1hZ2Vpc20tc2V4aXNtLWNsYXNzaXNtLWV4YW1wbGVzLWJpYXMuYW1w?oc=5,2023-07-10,Phys.org,US,en,ageism sexism classism and more seven examples of bias in aigenerated images  physorg,78,14,Monday,7,2023,3,False,False,Other,https://phys.org/visualstories/2023-07-ageism-sexism-classism-examples-bias.amp,phys.org,phys,2,org,79,[],0.5,0.5,-0.1027,negative,0
"Are We Going Too Far By Allowing Generative AI To Control Robots, Worriedly Asks AI Ethics And AI Law - Forbes",https://news.google.com/rss/articles/CBMimAFodHRwczovL3d3dy5mb3JiZXMuY29tL3NpdGVzL2xhbmNlZWxpb3QvMjAyMy8wNy8xMC9hcmUtd2UtZ29pbmctdG9vLWZhci1ieS1hbGxvd2luZy1nZW5lcmF0aXZlLWFpLXRvLWNvbnRyb2wtcm9ib3RzLXdvcnJpZWRseS1hc2tzLWFpLWV0aGljcy1hbmQtYWktbGF3L9IBnAFodHRwczovL3d3dy5mb3JiZXMuY29tL3NpdGVzL2xhbmNlZWxpb3QvMjAyMy8wNy8xMC9hcmUtd2UtZ29pbmctdG9vLWZhci1ieS1hbGxvd2luZy1nZW5lcmF0aXZlLWFpLXRvLWNvbnRyb2wtcm9ib3RzLXdvcnJpZWRseS1hc2tzLWFpLWV0aGljcy1hbmQtYWktbGF3L2FtcC8?oc=5,2023-07-10,Forbes,US,en,are we going too far by allowing generative ai to control robots worriedly asks ai ethics and ai law  forbes,90,21,Monday,7,2023,3,False,False,Magazine,https://www.forbes.com/sites/lanceeliot/2023/07/10/are-we-going-too-far-by-allowing-generative-ai-to-control-robots-worriedly-asks-ai-ethics-and-ai-law/,www.forbes.com,www,7,com,152,"['Lance Eliot', 'Amy Danise']",0.1,1.0,-0.4588,negative,When you make use of generative
An AI robot gave a side-eye and dodged the question when asked whether it would rebel against its human creator - Yahoo News,https://news.google.com/rss/articles/CBMiPGh0dHBzOi8vbmV3cy55YWhvby5jb20vYWktcm9ib3QtZ2F2ZS1zaWRlLWV5ZS0yMDA3MDM5ODcuaHRtbNIBRGh0dHBzOi8vbmV3cy55YWhvby5jb20vYW1waHRtbC9haS1yb2JvdC1nYXZlLXNpZGUtZXllLTIwMDcwMzk4Ny5odG1s?oc=5,2023-07-10,Yahoo News,US,en,an ai robot gave a sideeye and dodged the question when asked whether it would rebel against its human creator  yahoo news,102,23,Monday,7,2023,3,False,False,News Outlet,https://news.yahoo.com/ai-robot-gave-side-eye-200703987.html,news.yahoo.com,news,1,com,60,['Katie Balevic'],0.0,0.1,-0.1531,negative,The world's first human-ro
Unknown: Killer Robots review – the future of AI will fill you with unholy terror - The Guardian,https://news.google.com/rss/articles/CBMigwFodHRwczovL3d3dy50aGVndWFyZGlhbi5jb20vdHYtYW5kLXJhZGlvLzIwMjMvanVsLzEwL3Vua25vd24ta2lsbGVyLXJvYm90cy1yZXZpZXctdGhlLWZ1dHVyZS1vZi1haS13aWxsLWZpbGwteW91LXdpdGgtdW5ob2x5LXRlcnJvctIBgwFodHRwczovL2FtcC50aGVndWFyZGlhbi5jb20vdHYtYW5kLXJhZGlvLzIwMjMvanVsLzEwL3Vua25vd24ta2lsbGVyLXJvYm90cy1yZXZpZXctdGhlLWZ1dHVyZS1vZi1haS13aWxsLWZpbGwteW91LXdpdGgtdW5ob2x5LXRlcnJvcg?oc=5,2023-07-10,The Guardian,US,en,unknown killer robots review  the future of ai will fill you with unholy terror  the guardian,79,18,Monday,7,2023,3,False,False,News Outlet,https://www.theguardian.com/tv-and-radio/2023/jul/10/unknown-killer-robots-review-the-future-of-ai-will-fill-you-with-unholy-terror,www.theguardian.com,www,5,com,131,['Lucy Mangan'],-0.05,0.3625,-0.8271,negative,The race is on throughout the US
AI: why installing 'robot judges' in courtrooms is a really bad idea - The Conversation Indonesia,https://news.google.com/rss/articles/CBMiZGh0dHBzOi8vdGhlY29udmVyc2F0aW9uLmNvbS9haS13aHktaW5zdGFsbGluZy1yb2JvdC1qdWRnZXMtaW4tY291cnRyb29tcy1pcy1hLXJlYWxseS1iYWQtaWRlYS0yMDg3MTjSAQA?oc=5,2023-07-10,The Conversation Indonesia,US,en,ai why installing robot judges in courtrooms is a really bad idea  the conversation indonesia,82,16,Monday,7,2023,3,False,False,News Outlet,https://theconversation.com/ai-why-installing-robot-judges-in-courtrooms-is-a-really-bad-idea-208718,theconversation.com,theconversation,1,com,100,['Rónán Kennedy'],-0.6999999999999998,0.6666666666666666,-0.5849,negative,0
The battle brewing over AI licensing - Axios,https://news.google.com/rss/articles/CBMiUWh0dHBzOi8vd3d3LmF4aW9zLmNvbS9wcm8vdGVjaC1wb2xpY3kvMjAyMy8wNy8xMC9iYXR0bGUtYnJld2luZy1vdmVyLWFpLWxpY2Vuc2luZ9IBAA?oc=5,2023-07-10,Axios,US,en,the battle brewing over ai licensing  axios,37,8,Monday,7,2023,3,False,False,Other,https://www.axios.com/pro/tech-policy/2023/07/10/battle-brewing-over-ai-licensing,www.axios.com,www,6,com,81,[],0.0,0.0,-0.3818,negative,0
How to Combat Misinformation in the Age of AI - Government Technology,https://news.google.com/rss/articles/CBMiZWh0dHBzOi8vd3d3LmdvdnRlY2guY29tL2Jsb2dzL2xvaHJtYW5uLW9uLWN5YmVyc2VjdXJpdHkvaG93LXRvLWNvbWJhdC1taXNpbmZvcm1hdGlvbi1pbi10aGUtYWdlLW9mLWFp0gEA?oc=5,2023-07-09,Government Technology,US,en,how to combat misinformation in the age of ai  government technology,58,12,Sunday,7,2023,3,True,False,Blog,https://www.govtech.com/blogs/lohrmann-on-cybersecurity/how-to-combat-misinformation-in-the-age-of-ai,www.govtech.com,www,3,com,101,"['Daniel J. Lohrmann Is An Internationally Recognized Cybersecurity Leader', 'Technologist', 'Keynote Speaker']",0.0,0.0,-0.5719,negative,0
"Ageism, sexism, classism and more: 7 examples of bias in AI ... - The Conversation Indonesia",https://news.google.com/rss/articles/CBMibGh0dHBzOi8vdGhlY29udmVyc2F0aW9uLmNvbS9hZ2Vpc20tc2V4aXNtLWNsYXNzaXNtLWFuZC1tb3JlLTctZXhhbXBsZXMtb2YtYmlhcy1pbi1haS1nZW5lcmF0ZWQtaW1hZ2VzLTIwODc0ONIBAA?oc=5,2023-07-09,The Conversation Indonesia,US,en,ageism sexism classism and more  examples of bias in ai   the conversation indonesia,77,16,Sunday,7,2023,3,True,False,News Outlet,https://theconversation.com/ageism-sexism-classism-and-more-7-examples-of-bias-in-ai-generated-images-208748,theconversation.com,theconversation,1,com,108,"['Ryan J. Thomas', 'T.J. Thomson']",0.5,0.5,-0.1689,negative,0
AI robot was asked if it would rebel against humans. Watch its response - Moneycontrol,https://news.google.com/rss/articles/CBMidWh0dHBzOi8vd3d3Lm1vbmV5Y29udHJvbC5jb20vbmV3cy90cmVuZHMvYWktcm9ib3Qtd2FzLWFza2VkLWlmLWl0LXdvdWxkLXJlYmVsLWFnYWluc3QtaHVtYW5zLWl0LXJlcGxpZWQtMTA5MjgxOTEuaHRtbNIBeWh0dHBzOi8vd3d3Lm1vbmV5Y29udHJvbC5jb20vbmV3cy90cmVuZHMvYWktcm9ib3Qtd2FzLWFza2VkLWlmLWl0LXdvdWxkLXJlYmVsLWFnYWluc3QtaHVtYW5zLWl0LXJlcGxpZWQtMTA5MjgxOTEuaHRtbC9hbXA?oc=5,2023-07-09,Moneycontrol,US,en,ai robot was asked if it would rebel against humans watch its response  moneycontrol,72,15,Sunday,7,2023,3,True,False,Other,https://www.moneycontrol.com/news/trends/ai-robot-was-asked-if-it-would-rebel-against-humans-it-replied-10928191.html,www.moneycontrol.com,www,3,com,117,"['Ankita Sengupta', 'Edited']",0.0,0.0,-0.1531,negative,World's first robot-human press
An AI robot gave a side-eye and dodged the question when asked whether it would rebel against its human creato - Business Insider India,https://news.google.com/rss/articles/CBMisgFodHRwczovL3d3dy5idXNpbmVzc2luc2lkZXIuaW4vdGVjaC9uZXdzL2FuLWFpLXJvYm90LWdhdmUtYS1zaWRlLWV5ZS1hbmQtZG9kZ2VkLXRoZS1xdWVzdGlvbi13aGVuLWFza2VkLXdoZXRoZXItaXQtd291bGQtcmViZWwtYWdhaW5zdC1pdHMtaHVtYW4tY3JlYXRvci9hcnRpY2xlc2hvdy8xMDE2MDMwODcuY21z0gG2AWh0dHBzOi8vd3d3LmJ1c2luZXNzaW5zaWRlci5pbi90ZWNoL25ld3MvYW4tYWktcm9ib3QtZ2F2ZS1hLXNpZGUtZXllLWFuZC1kb2RnZWQtdGhlLXF1ZXN0aW9uLXdoZW4tYXNrZWQtd2hldGhlci1pdC13b3VsZC1yZWJlbC1hZ2FpbnN0LWl0cy1odW1hbi1jcmVhdG9yL2FtcF9hcnRpY2xlc2hvdy8xMDE2MDMwODcuY21z?oc=5,2023-07-09,Business Insider India,US,en,an ai robot gave a sideeye and dodged the question when asked whether it would rebel against its human creato  business insider india,112,24,Sunday,7,2023,3,True,False,News Outlet,https://www.businessinsider.in/tech/news/an-ai-robot-gave-a-side-eye-and-dodged-the-question-when-asked-whether-it-would-rebel-against-its-human-creator/articleshow/101603087.cms,www.businessinsider.in,www,5,in,178,[],0.0,0.1,-0.1531,negative,The world's first human-ro
How militaries are using AI on and off the battlefield - PBS NewsHour,https://news.google.com/rss/articles/CBMibWh0dHBzOi8vd3d3LnBicy5vcmcvbmV3c2hvdXIvc2hvdy9ob3ctbWlsaXRhcmllcy1hcmUtdXNpbmctYXJ0aWZpY2lhbC1pbnRlbGxpZ2VuY2Utb24tYW5kLW9mZi10aGUtYmF0dGxlZmllbGTSAXFodHRwczovL3d3dy5wYnMub3JnL25ld3Nob3VyL2FtcC9zaG93L2hvdy1taWxpdGFyaWVzLWFyZS11c2luZy1hcnRpZmljaWFsLWludGVsbGlnZW5jZS1vbi1hbmQtb2ZmLXRoZS1iYXR0bGVmaWVsZA?oc=5,2023-07-09,PBS NewsHour,US,en,how militaries are using ai on and off the battlefield  pbs newshour,57,13,Sunday,7,2023,3,True,False,News Outlet,https://www.pbs.org/newshour/show/how-militaries-are-using-artificial-intelligence-on-and-off-the-battlefield,www.pbs.org,www,3,org,109,"['Ali Rogin', 'Harry Zahn']",0.0,0.0,-0.3818,negative,Artificial intelligence has been a crucial
Apocalypse not now? AI’s benefits may yet outweigh its very real dangers - The Guardian,https://news.google.com/rss/articles/CBMic2h0dHBzOi8vd3d3LnRoZWd1YXJkaWFuLmNvbS90ZWNobm9sb2d5LzIwMjMvanVsLzA5L2FpLWFydGlmaWNpYWwtaW50ZWxsaWdlbmNlLWRhbmdlcnMtYmVuZWZpdHMtY2FtYnJpZGdlLXVuaXZlcnNpdHnSAXNodHRwczovL2FtcC50aGVndWFyZGlhbi5jb20vdGVjaG5vbG9neS8yMDIzL2p1bC8wOS9haS1hcnRpZmljaWFsLWludGVsbGlnZW5jZS1kYW5nZXJzLWJlbmVmaXRzLWNhbWJyaWRnZS11bml2ZXJzaXR5?oc=5,2023-07-09,The Guardian,US,en,apocalypse not now ais benefits may yet outweigh its very real dangers  the guardian,73,15,Sunday,7,2023,3,True,False,News Outlet,https://www.theguardian.com/technology/2023/jul/09/ai-artificial-intelligence-dangers-benefits-cambridge-university,www.theguardian.com,www,5,com,115,['Robin Mckie'],0.26,0.39,-0.6871,negative,A new Cambridge University institute will investigate
Gizmodo used AI to write a Star Wars story. It was filled with errors. - The Washington Post,https://news.google.com/rss/articles/CBMiUWh0dHBzOi8vd3d3Lndhc2hpbmd0b25wb3N0LmNvbS90ZWNobm9sb2d5LzIwMjMvMDcvMDgvZ2l6bW9kby1haS1lcnJvcnMtc3Rhci13YXJzL9IBAA?oc=5,2023-07-08,The Washington Post,US,en,gizmodo used ai to write a star wars story it was filled with errors  the washington post,75,18,Saturday,7,2023,3,True,False,News Outlet,"('', '', 0, '', 0, '')",,,0,,0,[],0.4,0.9,-0.7184,negative,"""Gizmodo Bot"""
AI chatbot allegedly encourages treasonous act against the late ... - Cryptopolitan,https://news.google.com/rss/articles/CBMiZmh0dHBzOi8vd3d3LmNyeXB0b3BvbGl0YW4uY29tL2FpLWNoYXRib3QtYWxsZWdlZGx5LXRyZWFzb25vdXMtYWN0LWFnYWluc3QtdGhlLWxhdGUtcXVlZW4tZWxpemFiZXRoLWlpL9IBAA?oc=5,2023-07-08,Cryptopolitan,US,en,ai chatbot allegedly encourages treasonous act against the late   cryptopolitan,72,12,Saturday,7,2023,3,True,False,Other,https://www.cryptopolitan.com/ai-chatbot-allegedly-treasonous-act-against-the-late-queen-elizabeth-ii/,www.cryptopolitan.com,www,2,com,102,['Damilola Lawrence'],-0.2,0.35,-0.2023,negative,0
No Jitter Roll: Salesforce Rolls AI into Sales Cloud and Service ... - No Jitter,https://news.google.com/rss/articles/CBMic2h0dHBzOi8vd3d3Lm5vaml0dGVyLmNvbS9haS1hdXRvbWF0aW9uL25vLWppdHRlci1yb2xsLXNhbGVzZm9yY2Utcm9sbHMtYWktc2FsZXMtY2xvdWQtYW5kLXNlcnZpY2UtY2xvdWQtdm9uYWdlLWFkZHPSAQA?oc=5,2023-07-07,No Jitter,US,en,no jitter roll salesforce rolls ai into sales cloud and service   no jitter,66,15,Friday,7,2023,3,False,False,Other,https://www.nojitter.com/ai-automation/no-jitter-roll-salesforce-rolls-ai-sales-cloud-and-service-cloud-vonage-adds,www.nojitter.com,www,2,com,115,[],0.0,0.0,-0.5267,negative,"This week, NJR highlights Sales"
China's Alibaba and Huawei add products to AI frenzy - Reuters,https://news.google.com/rss/articles/CBMib2h0dHBzOi8vd3d3LnJldXRlcnMuY29tL3RlY2hub2xvZ3kvY2hpbmFzLWFsaWJhYmEtdW52ZWlscy1haS1pbWFnZS1nZW5lcmF0b3ItdGFrZS1taWRqb3VybmV5LWRhbGwtZS0yMDIzLTA3LTA3L9IBAA?oc=5,2023-07-07,Reuters,US,en,chinas alibaba and huawei add products to ai frenzy  reuters,52,11,Friday,7,2023,3,False,False,News Outlet,https://www.reuters.com/technology/chinas-alibaba-unveils-ai-image-generator-take-midjourney-dall-e-2023-07-07/,www.reuters.com,www,3,com,111,[],0.0,0.0,-0.3182,negative,0
How Amazon uses AI to prevent damaged products from arriving on ... - About Amazon,https://news.google.com/rss/articles/CBMiWWh0dHBzOi8vd3d3LmFib3V0YW1hem9uLmNvbS9uZXdzL2FtYXpvbi1haS9ob3ctYW1hem9uLXVzZXMtYWktdG8tcHJldmVudC1kYW1hZ2VkLXByb2R1Y3Rz0gEA?oc=5,2023-07-07,About Amazon,US,en,how amazon uses ai to prevent damaged products from arriving on   about amazon,68,15,Friday,7,2023,3,False,False,Other,https://www.aboutamazon.com/news/amazon-ai/how-amazon-uses-ai-to-prevent-damaged-products,www.aboutamazon.com,www,3,com,89,"['Written', 'Thomas Kohnstamm']",0.0,0.0,-0.1027,negative,Scientists at Amazon Fulfillment
"How to understand AI: it’s a tragedy of the commons, not an arms race - Vox.com",https://news.google.com/rss/articles/CBMiXWh0dHBzOi8vd3d3LnZveC5jb20vZnV0dXJlLXBlcmZlY3QvMjAyMy83LzcvMjM3ODcwMTEvYWktYXJtcy1yYWNlLXRyYWdlZHktY29tbW9ucy1yaXNrLXNhZmV0edIBAA?oc=5,2023-07-07,Vox.com,US,en,how to understand ai its a tragedy of the commons not an arms race  voxcom,64,16,Friday,7,2023,3,False,False,Other,https://www.vox.com/future-perfect/2023/7/7/23787011/ai-arms-race-tragedy-commons-risk-safety,www.vox.com,www,6,com,93,"['Sigal Samuel', 'Jul']",0.0,0.0,-0.6597,negative,"David Wheeler: ""Arms race"
Model collapse explained: How synthetic training data breaks AI - TechTarget,https://news.google.com/rss/articles/CBMiaGh0dHBzOi8vd3d3LnRlY2h0YXJnZXQuY29tL3doYXRpcy9mZWF0dXJlL01vZGVsLWNvbGxhcHNlLWV4cGxhaW5lZC1Ib3ctc3ludGhldGljLXRyYWluaW5nLWRhdGEtYnJlYWtzLUFJ0gEA?oc=5,2023-07-07,TechTarget,US,en,model collapse explained how synthetic training data breaks ai  techtarget,66,11,Friday,7,2023,3,False,False,Blog,https://www.techtarget.com/whatis/feature/Model-collapse-explained-How-synthetic-training-data-breaks-AI,www.techtarget.com,www,3,com,104,"['Technical Features Writer', 'Published']",0.0,0.0,-0.4939,negative,Generative AI models need to train
‘Will your existence destroy humans?’: Robots answer questions at AI press conference - Global News,https://news.google.com/rss/articles/CBMidWh0dHBzOi8vZ2xvYmFsbmV3cy5jYS92aWRlby85ODE3ODUzL3dpbGwteW91ci1leGlzdGVuY2UtZGVzdHJveS1odW1hbnMtcm9ib3RzLWFuc3dlci1xdWVzdGlvbnMtYXQtYWktcHJlc3MtY29uZmVyZW5jZdIBemh0dHBzOi8vZ2xvYmFsbmV3cy5jYS92aWRlby85ODE3ODUzL3dpbGwteW91ci1leGlzdGVuY2UtZGVzdHJveS1odW1hbnMtcm9ib3RzLWFuc3dlci1xdWVzdGlvbnMtYXQtYWktcHJlc3MtY29uZmVyZW5jZS9hbXAv?oc=5,2023-07-07,Global News,US,en,will your existence destroy humans robots answer questions at ai press conference  global news,85,15,Friday,7,2023,3,False,False,News Outlet,https://globalnews.ca/video/9817853/will-your-existence-destroy-humans-robots-answer-questions-at-ai-press-conference,globalnews.ca,globalnews,3,ca,117,['July'],-0.1,0.0,-0.5423,negative,summarize. Instructions:
Guy Who Tried to Kill the Queen of England Was Encouraged by AI ... - Futurism,https://news.google.com/rss/articles/CBMiOWh0dHBzOi8vZnV0dXJpc20uY29tL2d1eS1raWxsLXF1ZWVuLWVuY291cmFnZWQtYWktY2hhdGJvdNIBAA?oc=5,2023-07-07,Futurism,US,en,guy who tried to kill the queen of england was encouraged by ai   futurism,63,16,Friday,7,2023,3,False,False,Other,https://futurism.com/guy-kill-queen-encouraged-ai-chatbot,futurism.com,futurism,1,com,57,[],0.0,0.0,-0.4939,negative,"Jaswant Singh Chail,"
AI Chatbot Allegedly Backed Man's Plan to Kill Queen Elizabeth II - Decrypt,https://news.google.com/rss/articles/CBMiV2h0dHBzOi8vZGVjcnlwdC5jby8xNDc3MTcvYWktY2hhdGJvdC1hbGxlZ2VkbHktYmFja2VkLW1hbnMtcGxhbi1raWxsLXF1ZWVuLWVsaXphYmV0aC1padIBXWh0dHBzOi8vZGVjcnlwdC5jby8xNDc3MTcvYWktY2hhdGJvdC1hbGxlZ2VkbHktYmFja2VkLW1hbnMtcGxhbi1raWxsLXF1ZWVuLWVsaXphYmV0aC1paT9hbXA9MQ?oc=5,2023-07-07,Decrypt,US,en,ai chatbot allegedly backed mans plan to kill queen elizabeth ii  decrypt,63,13,Friday,7,2023,3,False,False,Other,https://decrypt.co/147717/ai-chatbot-allegedly-backed-mans-plan-kill-queen-elizabeth-ii,decrypt.co,decrypt,2,co,87,"['Decrypt', 'Jason Nelson']",-0.1,0.1,-0.6808,negative,Summarize: AI Chatbot
Generative AI's secret sauce — data scraping— comes under attack - VentureBeat,https://news.google.com/rss/articles/CBMiUWh0dHBzOi8vdmVudHVyZWJlYXQuY29tL2FpL2dlbmVyYXRpdmUtYWktc2VjcmV0LXNhdWNlLWRhdGEtc2NyYXBpbmctdW5kZXItYXR0YWNrL9IBAA?oc=5,2023-07-06,VentureBeat,US,en,generative ais secret sauce  data scraping comes under attack  venturebeat,67,12,Thursday,7,2023,3,False,False,Other,https://venturebeat.com/ai/generative-ai-secret-sauce-data-scraping-under-attack/,venturebeat.com,venturebeat,3,com,81,['Sharon Goldman'],-0.4,0.7,-0.4767,negative,0
Pentagon is testing whether AI can plan response to an all-out war - Cointelegraph,https://news.google.com/rss/articles/CBMiZGh0dHBzOi8vY29pbnRlbGVncmFwaC5jb20vbmV3cy91cy1wZW50YWdvbi1pcy10ZXN0aW5nLXdoZXRoZXItYWktY2FuLXBsYW4tcmVzcG9uc2UtdG8tYW4tYWxsLW91dC13YXLSAQA?oc=5,2023-07-06,Cointelegraph,US,en,pentagon is testing whether ai can plan response to an allout war  cointelegraph,69,14,Thursday,7,2023,3,False,False,Other,https://cointelegraph.com/news/us-pentagon-is-testing-whether-ai-can-plan-response-to-an-all-out-war,cointelegraph.com,cointelegraph,2,com,100,['Jesse Coghlan'],0.0,0.0,-0.5994,negative,0
AI chatbot misinformation could complicate the 2024 elections - MSNBC,https://news.google.com/rss/articles/CBMiXmh0dHBzOi8vd3d3Lm1zbmJjLmNvbS9vcGluaW9uL21zbmJjLW9waW5pb24vYWktY2hhdGJvdC1taXNpbmZvcm1hdGlvbi0yMDI0LWVsZWN0aW9ucy1yY25hOTIzNzjSASlodHRwczovL3d3dy5tc25iYy5jb20vbXNuYmMvYW1wL3JjbmE5MjM3OA?oc=5,2023-07-06,MSNBC,US,en,ai chatbot misinformation could complicate the  elections  msnbc,60,10,Thursday,7,2023,3,False,False,Other,https://www.msnbc.com/opinion/msnbc-opinion/ai-chatbot-misinformation-2024-elections-rcna92378,www.msnbc.com,www,3,com,94,[],0.0,0.0,-0.3182,negative,A recent New York Times report has
Behind the AI chatbot that encouraged Windsor intruder to kill ... - The Telegraph,https://news.google.com/rss/articles/CBMiY2h0dHBzOi8vd3d3LnRlbGVncmFwaC5jby51ay9uZXdzLzIwMjMvMDcvMDYvcmVwbGlrYS1kZXNpZ25lZC10by1iZS1wZXJmZWN0LWNvbXBhbmlvbi1ldWdlbmlhLWt1eWRhL9IBAA?oc=5,2023-07-06,The Telegraph,US,en,behind the ai chatbot that encouraged windsor intruder to kill   the telegraph,69,14,Thursday,7,2023,3,False,False,News Outlet,https://www.telegraph.co.uk/news/2023/07/06/replika-designed-to-be-perfect-companion-eugenia-kuyda/,www.telegraph.co.uk,www,6,uk,99,['Catherine Lough'],-0.4,0.7,-0.4939,negative,Eugenia Kuyda created
A new medium for communicating with the dead: AI and chatbots - Star Tribune,https://news.google.com/rss/articles/CBMiiwFodHRwczovL3d3dy5zdGFydHJpYnVuZS5jb20vbmV3LW1lZGl1bS1mb3ItY29tbXVuaWNhdGluZy13aXRoLWRlYWQtYWktYXJ0aWZpY2lhbC1pbnRlbGxpZ2VuY2UtY2hhdGJvdHMtY2hhdGdwdC1ibGFjay1taXJyb3ItdGVjaC82MDAyODc4MTIv0gEA?oc=5,2023-07-06,Star Tribune,US,en,a new medium for communicating with the dead ai and chatbots  star tribune,63,14,Thursday,7,2023,3,False,False,News Outlet,https://www.startribune.com/new-medium-for-communicating-with-dead-ai-artificial-intelligence-chatbots-chatgpt-black-mirror-tech/600287812/,www.startribune.com,www,3,com,139,[],-0.0318181818181818,0.4272727272727272,-0.6486,negative, AI-powered chatbots are helping
Mastercard leverages its AI capabilities to fight real-time payment ... - Mastercard,https://news.google.com/rss/articles/CBMiemh0dHBzOi8vd3d3Lm1hc3RlcmNhcmQuY29tL25ld3MvcHJlc3MvMjAyMy9qdWx5L21hc3RlcmNhcmQtbGV2ZXJhZ2VzLWl0cy1haS1jYXBhYmlsaXRpZXMtdG8tZmlnaHQtcmVhbC10aW1lLXBheW1lbnQtc2NhbXMv0gEA?oc=5,2023-07-06,Mastercard,US,en,mastercard leverages its ai capabilities to fight realtime payment   mastercard,73,12,Thursday,7,2023,3,False,False,Other,https://www.mastercard.com/news/press/2023/july/mastercard-leverages-its-ai-capabilities-to-fight-real-time-payment-scams/,www.mastercard.com,www,6,com,122,[],0.0,0.0,-0.3818,negative,Mastercard's Consumer Fraud Risk solution
The overlooked climate consequences of AI - Grist,https://news.google.com/rss/articles/CBMiR2h0dHBzOi8vZ3Jpc3Qub3JnL3RlY2hub2xvZ3kvdGhlLW92ZXJsb29rZWQtY2xpbWF0ZS1jb25zZXF1ZW5jZXMtb2YtYWkv0gEA?oc=5,2023-07-06,Grist,US,en,the overlooked climate consequences of ai  grist,42,8,Thursday,7,2023,3,False,False,Other,https://grist.org/technology/the-overlooked-climate-consequences-of-ai/,grist.org,grist,3,org,71,"['Akielly Hu', 'Tik Root', 'Izzy Ross', 'Joseph Winters', 'Maddie Stone', 'Christian Schwägerl', 'Julie Cart', 'Naveena Sadasivam']",0.0,0.0,-0.0258,negative,Artificial intelligence can produce novel images
AI and machine learning have been added to financial crime programs - Security Magazine,https://news.google.com/rss/articles/CBMic2h0dHBzOi8vd3d3LnNlY3VyaXR5bWFnYXppbmUuY29tL2FydGljbGVzLzk5NTk2LWFpLWFuZC1tYWNoaW5lLWxlYXJuaW5nLWhhdmUtYmVlbi1hZGRlZC10by1maW5hbmNpYWwtY3JpbWUtcHJvZ3JhbXPSAQA?oc=5,2023-07-06,Security Magazine,US,en,ai and machine learning have been added to financial crime programs  security magazine,74,14,Thursday,7,2023,3,False,False,Magazine,https://www.securitymagazine.com/articles/99596-ai-and-machine-learning-have-been-added-to-financial-crime-programs,www.securitymagazine.com,www,2,com,115,[],0.0,0.0,-0.2732,negative,69% of global executives and risk
"AI firms should face prison over creation of fake humans, says Yuval Noah Harari - The Guardian",https://news.google.com/rss/articles/CBMibmh0dHBzOi8vd3d3LnRoZWd1YXJkaWFuLmNvbS90ZWNobm9sb2d5LzIwMjMvanVsLzA2L2FpLWZpcm1zLWZhY2UtcHJpc29uLWNyZWF0aW9uLWZha2UtaHVtYW5zLXl1dmFsLW5vYWgtaGFyYXJp0gFuaHR0cHM6Ly9hbXAudGhlZ3VhcmRpYW4uY29tL3RlY2hub2xvZ3kvMjAyMy9qdWwvMDYvYWktZmlybXMtZmFjZS1wcmlzb24tY3JlYXRpb24tZmFrZS1odW1hbnMteXV2YWwtbm9haC1oYXJhcmk?oc=5,2023-07-06,The Guardian,US,en,ai firms should face prison over creation of fake humans says yuval noah harari  the guardian,79,17,Thursday,7,2023,3,False,False,News Outlet,https://www.theguardian.com/technology/2023/jul/06/ai-firms-face-prison-creation-fake-humans-yuval-noah-harari,www.theguardian.com,www,5,com,110,['Hannah Devlin'],-0.5,1.0,-0.6486,negative,Author Yuval Noah Harari says
"Excited' And 'Scary': After Sizzling First Half, Don't Expect AI ... - Crunchbase News",https://news.google.com/rss/articles/CBMiVGh0dHBzOi8vbmV3cy5jcnVuY2hiYXNlLmNvbS9haS1yb2JvdGljcy9xMi0yMDIzLW9wZW4tYWktaW52ZXN0bWVudC1jb3Jld2VhdmUtY2hhcnRzL9IBAA?oc=5,2023-07-06,Crunchbase News,US,en,excited and scary after sizzling first half dont expect ai   crunchbase news,74,14,Thursday,7,2023,3,False,False,News Outlet,https://news.crunchbase.com/ai-robotics/q2-2023-open-ai-investment-coreweave-charts/,news.crunchbase.com,news,3,com,84,['Chris Metinko'],-0.0104166666666666,0.5625,-0.2023,negative,0
"Samsara’s AI lead talks risks, use cases, and explains why LLMs aren’t a silver bullet - diginomica",https://news.google.com/rss/articles/CBMiZ2h0dHBzOi8vZGlnaW5vbWljYS5jb20vc2Ftc2FyYXMtYWktbGVhZC10YWxrcy1yaXNrcy11c2UtY2FzZXMtYW5kLWV4cGxhaW5zLXdoeS1sbG1zLWFyZW50LXNpbHZlci1idWxsZXTSAWtodHRwczovL2RpZ2lub21pY2EuY29tL3NhbXNhcmFzLWFpLWxlYWQtdGFsa3Mtcmlza3MtdXNlLWNhc2VzLWFuZC1leHBsYWlucy13aHktbGxtcy1hcmVudC1zaWx2ZXItYnVsbGV0P2FtcA?oc=5,2023-07-05,diginomica,US,en,samsaras ai lead talks risks use cases and explains why llms arent a silver bullet  diginomica,83,17,Wednesday,7,2023,3,False,False,Other,https://diginomica.com/samsaras-ai-lead-talks-risks-use-cases-and-explains-why-llms-arent-silver-bullet,diginomica.com,diginomica,1,com,103,[],0.0,0.0,-0.2732,negative,Samsara is a vendor that
NYC's New AI Bias Law Broadly Impacts Hiring and Requires Audits - Bloomberg Law,https://news.google.com/rss/articles/CBMiaWh0dHBzOi8vbmV3cy5ibG9vbWJlcmdsYXcuY29tL3VzLWxhdy13ZWVrL255Y3MtbmV3LWFpLWJpYXMtbGF3LWJyb2FkbHktaW1wYWN0cy1oaXJpbmctYW5kLXJlcXVpcmVzLWF1ZGl0c9IBAA?oc=5,2023-07-05,Bloomberg Law,US,en,nycs new ai bias law broadly impacts hiring and requires audits  bloomberg law,67,14,Wednesday,7,2023,3,False,False,News Outlet,https://news.bloomberglaw.com/us-law-week/nycs-new-ai-bias-law-broadly-impacts-hiring-and-requires-audits,news.bloomberglaw.com,news,2,com,105,[],0.0994318181818181,0.3835227272727273,-0.1027,negative,New York City's Automated Employment
Law Firms Are Recruiting More AI Experts as Clients Demand 'More ... - Bloomberg,https://news.google.com/rss/articles/CBMigQFodHRwczovL3d3dy5ibG9vbWJlcmcuY29tL25ld3MvYXJ0aWNsZXMvMjAyMy0wNy0wNS9sYXctZmlybXMtYXJlLXJlY3J1aXRpbmctbW9yZS1haS1leHBlcnRzLWFzLXRoZWlyLWNsaWVudHMtZGVtYW5kLW1vcmUtZm9yLWxlc3PSAQA?oc=5,2023-07-05,Bloomberg,US,en,law firms are recruiting more ai experts as clients demand more   bloomberg,67,14,Wednesday,7,2023,3,False,False,News Outlet,https://www.bloomberg.com/tosv2.html?vid=&uuid=0c1470f9-9768-11ee-b481-fa5947f0c938&url=L25ld3MvYXJ0aWNsZXMvMjAyMy0wNy0wNS9sYXctZmlybXMtYXJlLXJlY3J1aXRpbmctbW9yZS1haS1leHBlcnRzLWFzLXRoZWlyLWNsaWVudHMtZGVtYW5kLW1vcmUtZm9yLWxlc3M=,www.bloomberg.com,www,1,com,228,[],0.5,0.5,-0.128,negative,"summarize: To continue,"
Billionaires push AI apocalypse risk through college student groups - The Washington Post,https://news.google.com/rss/articles/CBMiVGh0dHBzOi8vd3d3Lndhc2hpbmd0b25wb3N0LmNvbS90ZWNobm9sb2d5LzIwMjMvMDcvMDUvYWktYXBvY2FseXBzZS1jb2xsZWdlLXN0dWRlbnRzL9IBAA?oc=5,2023-07-05,The Washington Post,US,en,billionaires push ai apocalypse risk through college student groups  the washington post,77,13,Wednesday,7,2023,3,False,False,News Outlet,"('', '', 0, '', 0, '')",,,0,,0,[],0.0,0.0,-0.2732,negative,Open Philanthropy has funneled
ChatGPT-maker OpenAI says it is doubling down on preventing AI ... - Reuters,https://news.google.com/rss/articles/CBMidmh0dHBzOi8vd3d3LnJldXRlcnMuY29tL3RlY2hub2xvZ3kvY2hhdGdwdC1tYWtlci1vcGVuYWktc2F5cy1pdC1pcy1kb3VibGluZy1kb3duLXByZXZlbnRpbmctYWktZ29pbmctcm9ndWUtMjAyMy0wNy0wNS_SAQA?oc=5,2023-07-05,Reuters,US,en,chatgptmaker openai says it is doubling down on preventing ai   reuters,64,13,Wednesday,7,2023,3,False,False,News Outlet,https://www.reuters.com/technology/chatgpt-maker-openai-says-it-is-doubling-down-preventing-ai-going-rogue-2023-07-05/,www.reuters.com,www,3,com,118,[],-0.1555555555555555,0.2888888888888889,-0.0258,negative,0
AI is an existential threat – just not the way you think - The Conversation,https://news.google.com/rss/articles/CBMiWWh0dHBzOi8vdGhlY29udmVyc2F0aW9uLmNvbS9haS1pcy1hbi1leGlzdGVudGlhbC10aHJlYXQtanVzdC1ub3QtdGhlLXdheS15b3UtdGhpbmstMjA3Njgw0gEA?oc=5,2023-07-05,The Conversation,US,en,ai is an existential threat  just not the way you think  the conversation,61,15,Wednesday,7,2023,3,False,False,News Outlet,https://theconversation.com/ai-is-an-existential-threat-just-not-the-way-you-think-207680,theconversation.com,theconversation,1,com,89,['Nir Eisikovits'],0.0,0.0,-0.5267,negative,0
"As AI cheating booms, so does the industry detecting it: ‘We couldn’t keep up with demand’ - The Guardian",https://news.google.com/rss/articles/CBMiiAFodHRwczovL3d3dy50aGVndWFyZGlhbi5jb20vdGVjaG5vbG9neS8yMDIzL2p1bC8wNS9hcy1haS1jaGVhdGluZy1ib29tcy1zby1kb2VzLXRoZS1pbmR1c3RyeS1kZXRlY3RpbmctaXQtd2UtY291bGRudC1rZWVwLXVwLXdpdGgtZGVtYW5k0gGIAWh0dHBzOi8vYW1wLnRoZWd1YXJkaWFuLmNvbS90ZWNobm9sb2d5LzIwMjMvanVsLzA1L2FzLWFpLWNoZWF0aW5nLWJvb21zLXNvLWRvZXMtdGhlLWluZHVzdHJ5LWRldGVjdGluZy1pdC13ZS1jb3VsZG50LWtlZXAtdXAtd2l0aC1kZW1hbmQ?oc=5,2023-07-05,The Guardian,US,en,as ai cheating booms so does the industry detecting it we couldnt keep up with demand  the guardian,87,19,Wednesday,7,2023,3,False,False,News Outlet,https://www.theguardian.com/technology/2023/jul/05/as-ai-cheating-booms-so-does-the-industry-detecting-it-we-couldnt-keep-up-with-demand,www.theguardian.com,www,5,com,136,[],0.0,0.0,-0.6249,negative,ChatGPT is creating headaches for
Why the United States Is Beating China on AI - Foreign Policy,https://news.google.com/rss/articles/CBMiWmh0dHBzOi8vZm9yZWlnbnBvbGljeS5jb20vMjAyMy8wNy8wNS93aHktdGhlLXVuaXRlZC1zdGF0ZXMtaXMtd2lubmluZy10aGUtYWktcmFjZS1mb3Itbm93L9IBAA?oc=5,2023-07-05,Foreign Policy,US,en,why the united states is beating china on ai  foreign policy,50,12,Wednesday,7,2023,3,False,False,Other,https://foreignpolicy.com/2023/07/05/why-the-united-states-is-winning-the-ai-race-for-now/,foreignpolicy.com,foreignpolicy,5,com,90,"['Ravi Agrawal', 'Paul Scharre', 'Mariano-Florentino Cuéllar', 'Matt Sheehan', 'Stanley Mcchrystal', 'Anshu Roy', 'Sinan Ciddi', 'A. Wess Mitchell', 'Kristaps Andrejsons', 'Annie Sparrow']",-0.125,0.125,-0.0516,negative,The U.S. is winning
"Generative AI Obstacles Slow Down Tax, Accounting Transformation - Bloomberg Tax",https://news.google.com/rss/articles/CBMicmh0dHBzOi8vbmV3cy5ibG9vbWJlcmd0YXguY29tL2ZpbmFuY2lhbC1hY2NvdW50aW5nL2dlbmVyYXRpdmUtYWktb2JzdGFjbGVzLXNsb3ctZG93bi10YXgtYWNjb3VudGluZy10cmFuc2Zvcm1hdGlvbtIBAA?oc=5,2023-07-05,Bloomberg Tax,US,en,generative ai obstacles slow down tax accounting transformation  bloomberg tax,70,11,Wednesday,7,2023,3,False,False,News Outlet,https://news.bloombergtax.com/financial-accounting/generative-ai-obstacles-slow-down-tax-accounting-transformation,news.bloombergtax.com,news,2,com,114,[],-0.1685185185185185,0.2296296296296296,-0.3818,negative,Tax and accounting firms are increasingly embracing
How much should we fear artificial intelligence? - Financial Times,https://news.google.com/rss/articles/CBMiP2h0dHBzOi8vd3d3LmZ0LmNvbS9jb250ZW50L2JhN2ZhY2U1LTZhNWUtNDUxNy1hYjk3LWJhNDUzMzgzZGI3NtIBAA?oc=5,2023-07-05,Financial Times,US,en,how much should we fear artificial intelligence  financial times,57,10,Wednesday,7,2023,3,False,False,News Outlet,https://www.ft.com/content/ba7face5-6a5e-4517-ab97-ba453383db76,www.ft.com,www,2,com,63,['Gideon Rachman'],-0.1333333333333333,0.3999999999999999,-0.0258,negative,This week's podcast is about an
Man Who Tried to Kill Queen With Crossbow Encouraged By AI ... - VICE,https://news.google.com/rss/articles/CBMieWh0dHBzOi8vd3d3LnZpY2UuY29tL2VuL2FydGljbGUveGd3Z21hL21hbi13aG8tdHJpZWQtdG8ta2lsbC1xdWVlbi13aXRoLWNyb3NzYm93LWVuY291cmFnZWQtYnktYWktY2hhdGJvdC1wcm9zZWN1dG9ycy1zYXnSAQA?oc=5,2023-07-05,VICE,US,en,man who tried to kill queen with crossbow encouraged by ai   vice,56,14,Wednesday,7,2023,3,False,False,Other,https://www.vice.com/en/article/xgwgma/man-who-tried-to-kill-queen-with-crossbow-encouraged-by-ai-chatbot-prosecutors-say,www.vice.com,www,4,com,121,[],0.0,0.0,-0.4939,negative,"Jaswant Singh Chail,"
Future Of Artificial Intelligence Dominated Air Combat Showcased In ... - The War Zone,https://news.google.com/rss/articles/CBMifWh0dHBzOi8vd3d3LnRoZWRyaXZlLmNvbS90aGUtd2FyLXpvbmUvZnV0dXJlLW9mLWFydGlmaWNpYWwtaW50ZWxsaWdlbmNlLWRvbWluYXRlZC1haXItY29tYmF0LXNob3djYXNlZC1pbi1uZXctYWlyLWZvcmNlLXZpZGVv0gEA?oc=5,2023-07-05,The War Zone,US,en,future of artificial intelligence dominated air combat showcased in   the war zone,73,14,Wednesday,7,2023,3,False,False,News Outlet,https://www.thedrive.com/the-war-zone/future-of-artificial-intelligence-dominated-air-combat-showcased-in-new-air-force-video,www.thedrive.com,www,2,com,125,['Joseph Trevithick'],-0.3,0.5625,-0.4939,negative,The U.S. Air Force
Amazon has a big problem as AI-generated books flood Kindle ... - TechRadar,https://news.google.com/rss/articles/CBMigQFodHRwczovL3d3dy50ZWNocmFkYXIuY29tL2NvbXB1dGluZy9hcnRpZmljaWFsLWludGVsbGlnZW5jZS9hbWF6b24taGFzLWEtYmlnLXByb2JsZW0tYXMtYWktZ2VuZXJhdGVkLWJvb2tzLWZsb29kLWtpbmRsZS11bmxpbWl0ZWTSAQA?oc=5,2023-07-04,TechRadar,US,en,amazon has a big problem as aigenerated books flood kindle   techradar,63,13,Tuesday,7,2023,3,False,True,Blog,https://www.techradar.com/computing/artificial-intelligence/amazon-has-a-big-problem-as-ai-generated-books-flood-kindle-unlimited,www.techradar.com,www,3,com,129,"['Kristina Terech', 'Computing Writer', 'Social Links Navigation']",0.0,0.1,-0.25,negative,Authors and several news outlets have
Meet the AI chatbot that fights back against telemarketers - NewsNation Now,https://news.google.com/rss/articles/CBMiXmh0dHBzOi8vd3d3Lm5ld3NuYXRpb25ub3cuY29tL2J1c2luZXNzL3RlY2gvYWktY2hhdGJvdC13YXMtY3JlYXRlZC10by1tZXNzLXdpdGgtdGVsZW1hcmtldGVycy_SAWJodHRwczovL3d3dy5uZXdzbmF0aW9ubm93LmNvbS9idXNpbmVzcy90ZWNoL2FpLWNoYXRib3Qtd2FzLWNyZWF0ZWQtdG8tbWVzcy13aXRoLXRlbGVtYXJrZXRlcnMvYW1wLw?oc=5,2023-07-04,NewsNation Now,US,en,meet the ai chatbot that fights back against telemarketers  newsnation now,64,12,Tuesday,7,2023,3,False,True,News Outlet,https://www.newsnationnow.com/business/tech/ai-chatbot-was-created-to-mess-with-telemarketers/,www.newsnationnow.com,www,4,com,94,['Urja Sinha'],0.0,0.0,-0.4019,negative,"Roger Anderson created Jolly Roger, a"
AI-powered chatbots used to waste time of scammers and ... - News24,https://news.google.com/rss/articles/CBMigAFodHRwczovL3d3dy5uZXdzMjQuY29tL25ld3MyNC90ZWNoLWFuZC10cmVuZHMvbmV3cy9haS1wb3dlcmVkLWNoYXRib3RzLXVzZWQtdG8td2FzdGUtdGltZS1vZi1zY2FtbWVycy1hbmQtdGVsZW1hcmtldGVycy0yMDIzMDcwNNIBAA?oc=5,2023-07-04,News24,US,en,aipowered chatbots used to waste time of scammers and   news,56,12,Tuesday,7,2023,3,False,True,News Outlet,https://www.news24.com/news24/tech-and-trends/news/ai-powered-chatbots-used-to-waste-time-of-scammers-and-telemarketers-20230704,www.news24.com,www,4,com,128,['William Brederode'],-0.2,0.0,-0.4215,negative,Digital chatbots are being used to
Dangerous chatbots: AI chatbots to be approved as medical devices? - Science Daily,https://news.google.com/rss/articles/CBMiPmh0dHBzOi8vd3d3LnNjaWVuY2VkYWlseS5jb20vcmVsZWFzZXMvMjAyMy8wNy8yMzA3MDMxMzMwMjkuaHRt0gEA?oc=5,2023-07-03,Science Daily,US,en,dangerous chatbots ai chatbots to be approved as medical devices  science daily,70,13,Monday,7,2023,3,False,False,News Outlet,https://www.sciencedaily.com/releases/2023/07/230703133029.htm,www.sciencedaily.com,www,4,com,62,[],-0.1999999999999999,0.3,-0.0772,negative,0
5 Things You Must Not Share With AI Chatbots - MUO - MakeUseOf,https://news.google.com/rss/articles/CBMiRWh0dHBzOi8vd3d3Lm1ha2V1c2VvZi5jb20vdGhpbmdzLXlvdS1tdXN0LW5vdC1zaGFyZS13aXRoLWFpLWNoYXRib3RzL9IBAA?oc=5,2023-07-03,MUO - MakeUseOf,US,en, things you must not share with ai chatbots  muo  makeuseof,50,13,Monday,7,2023,3,False,False,Other,"('', '', 0, '', 0, '')",,,0,,0,[],0.0,0.0,-0.2235,negative,0
“A human in the loop is critical.” McKinsey leaders on generative AI ... - McKinsey,https://news.google.com/rss/articles/CBMiUWh0dHBzOi8vd3d3Lm1ja2luc2V5LmNvbS9hYm91dC11cy9uZXctYXQtbWNraW5zZXktYmxvZy9rZWVwLXRoZS1odW1hbi1pbi10aGUtbG9vcNIBAA?oc=5,2023-07-03,McKinsey,US,en,a human in the loop is critical mckinsey leaders on generative ai   mckinsey,69,15,Monday,7,2023,3,False,False,Blog,https://www.mckinsey.com/about-us/new-at-mckinsey-blog/keep-the-human-in-the-loop,www.mckinsey.com,www,3,com,81,"['Alex Singla', 'Mckinsey Senior Partner', 'Quantumblack Leader']",0.0,0.45,-0.3182,negative,Generative AI is poised to unleash
A “Manhattan Project” for artificial intelligence risk is a bad idea - Vox.com,https://news.google.com/rss/articles/CBMiggFodHRwczovL3d3dy52b3guY29tL2Z1dHVyZS1wZXJmZWN0LzIwMjMvNy8zLzIzNzc5Nzk0L2FydGlmaWNpYWwtaW50ZWxsaWdlbmNlLXJlZ3VsYXRpb24tYWktcmlzay1jb25ncmVzcy1zYW0tYWx0bWFuLWNoYXRncHQtb3BlbmFp0gEA?oc=5,2023-07-03,Vox.com,US,en,a manhattan project for artificial intelligence risk is a bad idea  voxcom,66,13,Monday,7,2023,3,False,False,Other,https://www.vox.com/future-perfect/2023/7/3/23779794/artificial-intelligence-regulation-ai-risk-congress-sam-altman-chatgpt-openai,www.vox.com,www,6,com,130,"['Divyansh Kaushik', 'Matt Korda', 'Jul']",-0.6499999999999999,0.8333333333333333,-0.3612,negative,The proliferation of sensationalist narratives surrounding
Stability AI CEO: There Will Be No (Human) Programmers in Five Years - Decrypt,https://news.google.com/rss/articles/CBMiSmh0dHBzOi8vZGVjcnlwdC5jby8xNDcxOTEvbm8taHVtYW4tcHJvZ3JhbW1lcnMtZml2ZS15ZWFycy1haS1zdGFiaWxpdHktY2Vv0gFQaHR0cHM6Ly9kZWNyeXB0LmNvLzE0NzE5MS9uby1odW1hbi1wcm9ncmFtbWVycy1maXZlLXllYXJzLWFpLXN0YWJpbGl0eS1jZW8_YW1wPTE?oc=5,2023-07-03,Decrypt,US,en,stability ai ceo there will be no human programmers in five years  decrypt,65,14,Monday,7,2023,3,False,False,Other,https://decrypt.co/147191/no-human-programmers-five-years-ai-stability-ceo,decrypt.co,decrypt,2,co,74,"['Decrypt', 'Jose Antonio Lanz']",0.0,0.1,-0.296,negative,Summarize: Stability AI CEO
Valve responds to claims it has banned AI-generated games from Steam - TechCrunch,https://news.google.com/rss/articles/CBMiZ2h0dHBzOi8vdGVjaGNydW5jaC5jb20vMjAyMy8wNy8wMy92YWx2ZS1yZXNwb25kcy10by1jbGFpbXMtaXQtaGFzLWJhbm5lZC1haS1nZW5lcmF0ZWQtZ2FtZXMtZnJvbS1zdGVhbS_SAWtodHRwczovL3RlY2hjcnVuY2guY29tLzIwMjMvMDcvMDMvdmFsdmUtcmVzcG9uZHMtdG8tY2xhaW1zLWl0LWhhcy1iYW5uZWQtYWktZ2VuZXJhdGVkLWdhbWVzLWZyb20tc3RlYW0vYW1wLw?oc=5,2023-07-03,TechCrunch,US,en,valve responds to claims it has banned aigenerated games from steam  techcrunch,69,13,Monday,7,2023,3,False,False,Blog,https://techcrunch.com/2023/07/03/valve-responds-to-claims-it-has-banned-ai-generated-games-from-steam/,techcrunch.com,techcrunch,5,com,103,['Devin Coldewey'],0.0,0.0,-0.4588,negative,Valve has issued a rare statement
Neil deGrasse Tyson warns AI could destabilise world - Daily Telegraph,https://news.google.com/rss/articles/CBMioAFodHRwczovL3d3dy5kYWlseXRlbGVncmFwaC5jb20uYXUvbmV3cy9uYXRpb25hbC9iZWdpbm5pbmctb2YtdGhlLWVuZC1vZi1jaXZpbGlzYXRpb24tbmVpbC1kZWdyYXNzZS10eXNvbnMtYWktd2FybmluZy9uZXdzLXN0b3J5LzllOTI3NzE0ZjcyMGQyYTRiOWRhYzJhM2M4ODJkMTQ20gGkAWh0dHBzOi8vd3d3LmRhaWx5dGVsZWdyYXBoLmNvbS5hdS9uZXdzL25hdGlvbmFsL2JlZ2lubmluZy1vZi10aGUtZW5kLW9mLWNpdmlsaXNhdGlvbi1uZWlsLWRlZ3Jhc3NlLXR5c29ucy1haS13YXJuaW5nL25ld3Mtc3RvcnkvOWU5Mjc3MTRmNzIwZDJhNGI5ZGFjMmEzYzg4MmQxNDY_YW1w?oc=5,2023-07-03,Daily Telegraph,US,en,neil degrasse tyson warns ai could destabilise world  daily telegraph,60,11,Monday,7,2023,3,False,False,News Outlet,https://www.dailytelegraph.com.au/remote/check_cookie.html?url=https%3a%2f%2fwww.dailytelegraph.com.au%2fnews%2fnational%2fbeginning-of-the-end-of-civilisation-neil-degrasse-tysons-ai-warning%2fnews-story%2f9e927714f720d2a4b9dac2a3c882d146,www.dailytelegraph.com.au,www,2,au,239,[],0.0,0.0,-0.1027,negative,Astrophysicist Neil deGr
Draft EU artificial intelligence rules could hurt Europe - iTnews,https://news.google.com/rss/articles/CBMiXmh0dHBzOi8vd3d3Lml0bmV3cy5jb20uYXUvbmV3cy9kcmFmdC1ldS1hcnRpZmljaWFsLWludGVsbGlnZW5jZS1ydWxlcy1jb3VsZC1odXJ0LWV1cm9wZS01OTc1MjLSAQA?oc=5,2023-07-03,iTnews,US,en,draft eu artificial intelligence rules could hurt europe  itnews,56,10,Monday,7,2023,3,False,False,News Outlet,https://www.itnews.com.au/news/draft-eu-artificial-intelligence-rules-could-hurt-europe-597522,www.itnews.com.au,www,2,au,94,[],-0.6,1.0,-0.0772,negative,The world's biggest IT companies are
The AI trained to recognise waste for recycling - BBC.com,https://news.google.com/rss/articles/CBMiKmh0dHBzOi8vd3d3LmJiYy5jb20vbmV3cy9idXNpbmVzcy02NjA0MjE2OdIBLmh0dHBzOi8vd3d3LmJiYy5jb20vbmV3cy9idXNpbmVzcy02NjA0MjE2OS5hbXA?oc=5,2023-07-02,BBC.com,US,en,the ai trained to recognise waste for recycling  bbccom,48,10,Sunday,7,2023,3,True,False,Broadcast Media,https://www.bbc.com/news/business-66042169,www.bbc.com,www,2,com,42,[],-0.2,0.0,-0.4215,negative,summarize: 
"From autonomous weapons and nukes, to robots and AI: how do we regulate technologies that have unforeseeable consequences? - EL PAÍS USA",https://news.google.com/rss/articles/CBMirwFodHRwczovL2VuZ2xpc2guZWxwYWlzLmNvbS9zY2llbmNlLXRlY2gvMjAyMy0wNy0wMS9mcm9tLWF1dG9ub21vdXMtd2VhcG9ucy1hbmQtbnVrZXMtdG8tcm9ib3RzLWFuZC1haS1ob3ctZG8td2UtcmVndWxhdGUtdGVjaG5vbG9naWVzLXRoYXQtaGF2ZS11bmZvcmVzZWVhYmxlLWNvbnNlcXVlbmNlcy5odG1s0gG-AWh0dHBzOi8vZW5nbGlzaC5lbHBhaXMuY29tL3NjaWVuY2UtdGVjaC8yMDIzLTA3LTAxL2Zyb20tYXV0b25vbW91cy13ZWFwb25zLWFuZC1udWtlcy10by1yb2JvdHMtYW5kLWFpLWhvdy1kby13ZS1yZWd1bGF0ZS10ZWNobm9sb2dpZXMtdGhhdC1oYXZlLXVuZm9yZXNlZWFibGUtY29uc2VxdWVuY2VzLmh0bWw_b3V0cHV0VHlwZT1hbXA?oc=5,2023-07-01,EL PAÍS USA,US,en,from autonomous weapons and nukes to robots and ai how do we regulate technologies that have unforeseeable consequences  el país usa,115,22,Saturday,7,2023,3,True,False,Other,https://english.elpais.com/science-tech/2023-07-01/from-autonomous-weapons-and-nukes-to-robots-and-ai-how-do-we-regulate-technologies-that-have-unforeseeable-consequences.html,english.elpais.com,english,3,com,175,['Raúl Limón'],0.4,0.7,-0.4404,negative,Europe has started drafting the first regulations
AI and fading recession fears are sparking big gains on Wall Street - NPR,https://news.google.com/rss/articles/CBMicGh0dHBzOi8vd3d3Lm5wci5vcmcvMjAyMy8wNy8wMS8xMTg1Mzc1NzQxL2FpLXJlY2Vzc2lvbi1pbmZsYXRpb24taW50ZXJlc3QtcmF0ZXMtZWNvbm9teS13YWxsLXN0cmVldC1zdG9ja3MtcmFsbHnSAQA?oc=5,2023-07-01,NPR,US,en,ai and fading recession fears are sparking big gains on wall street  npr,60,14,Saturday,7,2023,3,True,False,Broadcast Media,https://www.npr.org/2023/07/01/1185375741/ai-recession-inflation-interest-rates-economy-wall-street-stocks-rally,www.npr.org,www,5,org,112,['David Gura'],0.0,0.1,-0.4939,negative,Despite widespread expectations that the U.
How actors are losing their voices to AI - Financial Times,https://news.google.com/rss/articles/CBMiP2h0dHBzOi8vd3d3LmZ0LmNvbS9jb250ZW50LzA3ZDc1ODAxLTA0ZmQtNDk1Yy05YTY4LTMxMDkyNjIyMTU1NNIBAA?oc=5,2023-07-01,Financial Times,US,en,how actors are losing their voices to ai  financial times,48,11,Saturday,7,2023,3,True,False,News Outlet,https://www.ft.com/content/07d75801-04fd-495c-9a68-310926221554,www.ft.com,www,2,com,63,[],0.0,0.0,-0.3818,negative,Pay a year upfront and save 20
How to Block AI Chatbots From Scraping Your Website's Content - MUO - MakeUseOf,https://news.google.com/rss/articles/CBMiPGh0dHBzOi8vd3d3Lm1ha2V1c2VvZi5jb20vYmxvY2stYWktY2hhdGJvdC1zY3JhcGluZy13ZWJzaXRlL9IBAA?oc=5,2023-07-01,MUO - MakeUseOf,US,en,how to block ai chatbots from scraping your websites content  muo  makeuseof,66,14,Saturday,7,2023,3,True,False,Other,"('', '', 0, '', 0, '')",,,0,,0,[],0.0,0.0,-0.4404,negative,0
Elon Musk and Other Leaders Are Worried About AI. Here's Why - Entrepreneur,https://news.google.com/rss/articles/CBMicmh0dHBzOi8vd3d3LmVudHJlcHJlbmV1ci5jb20vc3RhcnRpbmctYS1idXNpbmVzcy9lbG9uLW11c2stYW5kLW90aGVyLWxlYWRlcnMtYXJlLXdvcnJpZWQtYWJvdXQtYWktaGVyZXMtd2h5LzQ1Mjg3MtIBAA?oc=5,2023-06-12,Entrepreneur,US,en,elon musk and other leaders are worried about ai heres why  entrepreneur,63,13,Monday,6,2023,2,False,False,Press Release Service,https://www.entrepreneur.com/starting-a-business/elon-musk-and-other-leaders-are-worried-about-ai-heres-why/452872,www.entrepreneur.com,www,3,com,114,['Hasan Saleem'],-0.125,0.375,-0.296,negative,"""The age of AI has begun"
"Loneliness, insomnia linked to work with AI systems - APA Psychology News",https://news.google.com/rss/articles/CBMiTmh0dHBzOi8vd3d3LmFwYS5vcmcvbmV3cy9wcmVzcy9yZWxlYXNlcy8yMDIzLzA2L2xvbmVsaW5lc3MtaW5zb21uaWEtYWktc3lzdGVtc9IBAA?oc=5,2023-06-12,APA Psychology News,US,en,loneliness insomnia linked to work with ai systems  apa psychology news,62,12,Monday,6,2023,2,False,False,News Outlet,https://www.apa.org/news/press/releases/2023/06/loneliness-insomnia-ai-systems,www.apa.org,www,6,org,78,[],0.0,0.0,-0.4215,negative,summarize: 
First ChatGPT Defamation Lawsuit to Test AI's Legal Liability - Bloomberg Law,https://news.google.com/rss/articles/CBMiYWh0dHBzOi8vbmV3cy5ibG9vbWJlcmdsYXcuY29tL2lwLWxhdy9maXJzdC1jaGF0Z3B0LWRlZmFtYXRpb24tbGF3c3VpdC10by10ZXN0LWFpcy1sZWdhbC1saWFiaWxpdHnSAQA?oc=5,2023-06-12,Bloomberg Law,US,en,first chatgpt defamation lawsuit to test ais legal liability  bloomberg law,66,12,Monday,6,2023,2,False,False,News Outlet,https://news.bloomberglaw.com/ip-law/first-chatgpt-defamation-lawsuit-to-test-ais-legal-liability,news.bloomberglaw.com,news,2,com,97,[],0.225,0.2666666666666666,-0.296,negative,Georgia radio host Mark Walters filed a
Scottsdale mom set to testify in congressional hearing about AI voice scams - Arizona's Family,https://news.google.com/rss/articles/CBMiamh0dHBzOi8vd3d3LmF6ZmFtaWx5LmNvbS8yMDIzLzA2LzEzL3Njb3R0c2RhbGUtbW9tLXNldC10ZXN0aWZ5LWNvbmdyZXNzaW9uYWwtaGVhcmluZy1hYm91dC1haS12b2ljZS1zY2Ftcy_SAXlodHRwczovL3d3dy5hemZhbWlseS5jb20vMjAyMy8wNi8xMy9zY290dHNkYWxlLW1vbS1zZXQtdGVzdGlmeS1jb25ncmVzc2lvbmFsLWhlYXJpbmctYWJvdXQtYWktdm9pY2Utc2NhbXMvP291dHB1dFR5cGU9YW1w?oc=5,2023-06-12,Arizona's Family,US,en,scottsdale mom set to testify in congressional hearing about ai voice scams  arizonas family,80,15,Monday,6,2023,2,False,False,Other,https://www.azfamily.com/2023/06/13/scottsdale-mom-set-testify-congressional-hearing-about-ai-voice-scams/,www.azfamily.com,www,5,com,106,[],0.0,0.0,-0.5859,negative,Jennifer DeStefano was targeted
Misaligned AI constitutes a growing public health threat - The BMJ,https://news.google.com/rss/articles/CBMiKWh0dHBzOi8vd3d3LmJtai5jb20vY29udGVudC8zODEvYm1qLnAxMzQw0gEA?oc=5,2023-06-12,The BMJ,US,en,misaligned ai constitutes a growing public health threat  the bmj,56,11,Monday,6,2023,2,False,False,Other,https://www.bmj.com/content/381/bmj.p1340,www.bmj.com,www,3,com,41,"['Leah Pierson', 'Department Of Global Health', 'Population', 'Harvard Th Chan School Of Public Health', 'Harvard-Mit Doctoral Program', 'Harvard Medical School', 'Bruce Tsai', 'Rethink Priorities']",0.0,0.0666666666666666,-0.4019,negative,Advances in artificial intelligence (AI
How new AI tools for doctors could worsen racial bias in healthcare - The Daily Dot,https://news.google.com/rss/articles/CBMiP2h0dHBzOi8vd3d3LmRhaWx5ZG90LmNvbS9kZWJ1Zy9kb2NzLWdwdC1kb3hpbWl0eS1haS1oZWFsdGhjYXJlL9IBQ2h0dHBzOi8vd3d3LmRhaWx5ZG90LmNvbS9kZWJ1Zy9kb2NzLWdwdC1kb3hpbWl0eS1haS1oZWFsdGhjYXJlLz9hbXA?oc=5,2023-06-12,The Daily Dot,US,en,how new ai tools for doctors could worsen racial bias in healthcare  the daily dot,68,16,Monday,6,2023,2,False,False,News Outlet,https://www.dailydot.com/debug/docs-gpt-doximity-ai-healthcare/,www.dailydot.com,www,3,com,63,['Simon Spichak'],0.0681818181818181,0.2272727272727272,-0.5719,negative,Doximity rolled out its beta
This is why Ying Shaowei is worried about the AI divide - The Peak Singapore,https://news.google.com/rss/articles/CBMiV2h0dHBzOi8vd3d3LnRoZXBlYWttYWdhemluZS5jb20uc2cvaW50ZXJ2aWV3cy95aW5nLXNoYW93ZWktbmNzLWFydGlmaWNpYWwtaW50ZWxsaWdlbmNlL9IBAA?oc=5,2023-06-12,The Peak Singapore,US,en,this is why ying shaowei is worried about the ai divide  the peak singapore,62,15,Monday,6,2023,2,False,False,News Outlet,https://www.thepeakmagazine.com.sg/interviews/ying-shaowei-ncs-artificial-intelligence/,www.thepeakmagazine.com.sg,www,3,sg,87,"['Ryan Chew', 'Zat Astha']",0.0,0.0,-0.296,negative,"Ying Shaowei, chief"
Unlocking new possibilities for debt collections with AI Chatbots and Voicebots - Times of India,https://news.google.com/rss/articles/CBMigQFodHRwczovL3RpbWVzb2ZpbmRpYS5pbmRpYXRpbWVzLmNvbS9ibG9ncy92b2ljZXMvdW5sb2NraW5nLW5ldy1wb3NzaWJpbGl0aWVzLWZvci1kZWJ0LWNvbGxlY3Rpb25zLXdpdGgtYWktY2hhdGJvdHMtYW5kLXZvaWNlYm90cy_SAYEBaHR0cHM6Ly90aW1lc29maW5kaWEuaW5kaWF0aW1lcy5jb20vYmxvZ3Mvdm9pY2VzL3VubG9ja2luZy1uZXctcG9zc2liaWxpdGllcy1mb3ItZGVidC1jb2xsZWN0aW9ucy13aXRoLWFpLWNoYXRib3RzLWFuZC12b2ljZWJvdHMv?oc=5,2023-06-12,Times of India,US,en,unlocking new possibilities for debt collections with ai chatbots and voicebots  times of india,82,15,Monday,6,2023,2,False,False,News Outlet,https://timesofindia.indiatimes.com/blogs/voices/unlocking-new-possibilities-for-debt-collections-with-ai-chatbots-and-voicebots/,timesofindia.indiatimes.com,timesofindia,4,com,129,[],0.1363636363636363,0.4545454545454545,-0.3612,negative,80% of respondents have implemented AI
